classification,structureId
HYDROLASE,1TQF
HYDROLASE,1Y4W
HYDROLASE,5MJY
HYDROLASE,3ENP
HYDROLASE,1NPZ
HYDROLASE,5WQ3
HYDROLASE,1KRM
HYDROLASE,4QV5
HYDROLASE,1Y79
HYDROLASE,3X1D
HYDROLASE,3HLN
HYDROLASE,4Q3L
HYDROLASE,4EBB
HYDROLASE,4IGD
HYDROLASE,3SPU
HYDROLASE,3BEZ
HYDROLASE,4ZI5
HYDROLASE,3JR6
HYDROLASE,4Q3O
HYDROLASE,1MKD
HYDROLASE,1WOF
HYDROLASE,1I5Q
HYDROLASE,4Q0M
HYDROLASE,1ZLQ
HYDROLASE,4MJN
HYDROLASE,3QH4
HYDROLASE,1J2Q
HYDROLASE,4H77
HYDROLASE,1V4Y
HYDROLASE,1DKM
HYDROLASE,1P5C
HYDROLASE,4H5U
HYDROLASE,3SR3
HYDROLASE,3RNZ
HYDROLASE,1FH7
HYDROLASE,3HMY
HYDROLASE,3KBH
HYDROLASE,3W7W
HYDROLASE,1GA0
HYDROLASE,1L7R
HYDROLASE,3R36
HYDROLASE,5EUV
HYDROLASE,4GEW
HYDROLASE,2DB4
HYDROLASE,3NR2
HYDROLASE,3LPD
HYDROLASE,2G59
HYDROLASE,1IU8
HYDROLASE,5LKQ
HYDROLASE,2ZJ7
HYDROLASE,5VQD
HYDROLASE,2NW0
HYDROLASE,3U3G
HYDROLASE,1RQX
HYDROLASE,5E5C
HYDROLASE,6ETZ
HYDROLASE,3O9J
HYDROLASE,4KET
HYDROLASE,3F9G
HYDROLASE,2PQI
HYDROLASE,3WL4
HYDROLASE,2Q16
HYDROLASE,1ZZ0
HYDROLASE,1JI2
HYDROLASE,3F6Z
HYDROLASE,4RND
HYDROLASE,3NI9
HYDROLASE,3GVK
HYDROLASE,2BB0
HYDROLASE,2OD7
HYDROLASE,4R7Y
HYDROLASE,1FR1
HYDROLASE,4KB5
HYDROLASE,4QCA
HYDROLASE,2IK1
HYDROLASE,3AHS
HYDROLASE,3B9X
HYDROLASE,3LA4
HYDROLASE,3STJ
HYDROLASE,1Q2E
HYDROLASE,4IDN
HYDROLASE,1NZO
HYDROLASE,4EIW
HYDROLASE,1WKQ
HYDROLASE,2B4O
HYDROLASE,1RYA
HYDROLASE,5IOJ
HYDROLASE,3KXP
HYDROLASE,1HT6
HYDROLASE,3CU9
HYDROLASE,2OKX
HYDROLASE,1ZKW
HYDROLASE,4O98
HYDROLASE,3FN5
HYDROLASE,5MEH
HYDROLASE,3N07
HYDROLASE,1EYI
HYDROLASE,4M1R
HYDROLASE,3HPA
HYDROLASE,1KXR
HYDROLASE,3P2M
HYDROLASE,4WU0
HYDROLASE,3GEH
HYDROLASE,1D1P
HYDROLASE,1YA4
HYDROLASE,3K3W
HYDROLASE,3NIO
HYDROLASE,5MN4
HYDROLASE,5EJJ
HYDROLASE,3MDU
HYDROLASE,1C90
HYDROLASE,4DJ4
HYDROLASE,4IPL
HYDROLASE,3GH3
HYDROLASE,5L9K
HYDROLASE,4RG8
HYDROLASE,4RID
HYDROLASE,3N13
HYDROLASE,1S2N
HYDROLASE,2ZIV
HYDROLASE,3R4S
HYDROLASE,5H9V
HYDROLASE,5CGW
HYDROLASE,4L1G
HYDROLASE,1NNS
HYDROLASE,2OSW
HYDROLASE,4H9X
HYDROLASE,4KE6
HYDROLASE,1KQ0
HYDROLASE,4LJY
HYDROLASE,4DMH
HYDROLASE,3UF9
HYDROLASE,3U53
HYDROLASE,3IT3
HYDROLASE,1QSW
HYDROLASE,2HAG
HYDROLASE,3GTX
HYDROLASE,2OK5
HYDROLASE,3UPM
HYDROLASE,1IOF
HYDROLASE,2ZIU
HYDROLASE,1VEN
HYDROLASE,1DKL
HYDROLASE,3CXU
HYDROLASE,3BPB
HYDROLASE,5YFB
HYDROLASE,2D80
HYDROLASE,3N5N
HYDROLASE,5XB7
HYDROLASE,5OKM
HYDROLASE,1P8P
HYDROLASE,3S8E
HYDROLASE,4EL4
HYDROLASE,4NA6
HYDROLASE,3IA2
HYDROLASE,3T1G
HYDROLASE,4JP4
HYDROLASE,3WY3
HYDROLASE,1LCY
HYDROLASE,1Z0E
HYDROLASE,2F6I
HYDROLASE,4JCQ
HYDROLASE,3BGO
HYDROLASE,4RNY
HYDROLASE,4D8S
HYDROLASE,5GOR
HYDROLASE,1XLX
HYDROLASE,1R0S
HYDROLASE,1ZY1
HYDROLASE,4WVA
HYDROLASE,2GUY
HYDROLASE,1PXV
HYDROLASE,3VZJ
HYDROLASE,5EBB
HYDROLASE,3R77
HYDROLASE,5KDN
HYDROLASE,1IEF
HYDROLASE,2DW5
HYDROLASE,1EE3
HYDROLASE,5T63
HYDROLASE,4J7N
HYDROLASE,5OCR
HYDROLASE,4XLY
HYDROLASE,3H0B
HYDROLASE,2O6X
HYDROLASE,2P53
HYDROLASE,4RDY
HYDROLASE,2FM0
HYDROLASE,1SHJ
HYDROLASE,4EE9
HYDROLASE,4L8F
HYDROLASE,1SOZ
HYDROLASE,4QV7
HYDROLASE,2GL9
HYDROLASE,1Q17
HYDROLASE,4KFR
HYDROLASE,3TI9
HYDROLASE,1D2K
HYDROLASE,3ECY
HYDROLASE,6B2W
HYDROLASE,2QFB
HYDROLASE,3JTQ
HYDROLASE,4R4Z
HYDROLASE,5ED0
HYDROLASE,2ZBM
HYDROLASE,4X36
HYDROLASE,3LNP
HYDROLASE,3LS2
HYDROLASE,1L0D
HYDROLASE,4KPN
HYDROLASE,3PKJ
HYDROLASE,4K68
HYDROLASE,1K5C
HYDROLASE,3FBX
HYDROLASE,3Q9C
HYDROLASE,1L7G
HYDROLASE,3UR7
HYDROLASE,1ZCC
HYDROLASE,1XSI
HYDROLASE,1R6V
HYDROLASE,5CLS
HYDROLASE,1YG6
HYDROLASE,3II1
HYDROLASE,1IZK
HYDROLASE,3FE2
HYDROLASE,1XW2
HYDROLASE,5CMS
HYDROLASE,2AR9
HYDROLASE,2I44
HYDROLASE,1ZN3
HYDROLASE,5LYW
HYDROLASE,2ATX
HYDROLASE,3AMH
HYDROLASE,3P96
HYDROLASE,2E69
HYDROLASE,4FGD
HYDROLASE,2G47
HYDROLASE,3T0A
HYDROLASE,3W4R
HYDROLASE,1WPN
HYDROLASE,3QVC
HYDROLASE,1FFR
HYDROLASE,4ZWE
HYDROLASE,2OSY
HYDROLASE,3P7L
HYDROLASE,4DMK
HYDROLASE,3TYP
HYDROLASE,1Q3A
HYDROLASE,1D8S
HYDROLASE,2HLD
HYDROLASE,1RLM
HYDROLASE,5BN7
HYDROLASE,3D0G
HYDROLASE,5B62
HYDROLASE,4HNZ
HYDROLASE,1X10
HYDROLASE,2EYQ
HYDROLASE,2Z29
HYDROLASE,5W0W
HYDROLASE,4IFU
HYDROLASE,3N1S
HYDROLASE,3H09
HYDROLASE,4MDT
HYDROLASE,2PNQ
HYDROLASE,3A64
HYDROLASE,3BZG
HYDROLASE,4YA8
HYDROLASE,1SUL
HYDROLASE,1FJ2
HYDROLASE,3EZ8
HYDROLASE,2NTB
HYDROLASE,4ZRB
HYDROLASE,4Q6M
HYDROLASE,5GQ1
HYDROLASE,1G0U
HYDROLASE,3E4A
HYDROLASE,2ZM7
HYDROLASE,1HX0
HYDROLASE,4L9A
HYDROLASE,2QB6
HYDROLASE,4K1S
HYDROLASE,1L7H
HYDROLASE,5MRW
HYDROLASE,5I3E
HYDROLASE,3TX8
HYDROLASE,1JMY
HYDROLASE,5MKG
HYDROLASE,3E2D
HYDROLASE,3VM5
HYDROLASE,2R2D
HYDROLASE,3VR2
HYDROLASE,5TO3
HYDROLASE,3SLU
HYDROLASE,3AIK
HYDROLASE,5VYD
HYDROLASE,3UR5
HYDROLASE,3QHO
HYDROLASE,5DN6
HYDROLASE,1TM1
HYDROLASE,3QJ8
HYDROLASE,3FZD
HYDROLASE,3DSR
HYDROLASE,3M4F
HYDROLASE,1IEC
HYDROLASE,5BUG
HYDROLASE,2Z2Y
HYDROLASE,3WBE
HYDROLASE,1EI5
HYDROLASE,4FIO
HYDROLASE,3FZ0
HYDROLASE,1EZR
HYDROLASE,5GWD
HYDROLASE,2ZJ9
HYDROLASE,3HWN
HYDROLASE,4GVQ
HYDROLASE,3PQC
HYDROLASE,4F56
HYDROLASE,3RAR
HYDROLASE,2GKO
HYDROLASE,2FV5
HYDROLASE,2HUM
HYDROLASE,2EX2
HYDROLASE,1HXJ
HYDROLASE,2AHF
HYDROLASE,4J7A
HYDROLASE,3VTA
HYDROLASE,1EIB
HYDROLASE,5J7T
HYDROLASE,1JD9
HYDROLASE,1TDH
HYDROLASE,1DBZ
HYDROLASE,4P7L
HYDROLASE,3S8R
HYDROLASE,1J79
HYDROLASE,3N2W
HYDROLASE,4IX9
HYDROLASE,4PTV
HYDROLASE,3LFU
HYDROLASE,4GDN
HYDROLASE,1L8L
HYDROLASE,4MZP
HYDROLASE,4XFQ
HYDROLASE,1ZCF
HYDROLASE,5OKO
HYDROLASE,3HDI
HYDROLASE,4FMO
HYDROLASE,1Z8W
HYDROLASE,5K5E
HYDROLASE,2A8L
HYDROLASE,3WD0
HYDROLASE,1EF0
HYDROLASE,5D7O
HYDROLASE,4YNN
HYDROLASE,3H2H
HYDROLASE,5MS2
HYDROLASE,4OU5
HYDROLASE,1M6K
HYDROLASE,4O8C
HYDROLASE,4QR8
HYDROLASE,4YTG
HYDROLASE,1TBJ
HYDROLASE,5EV6
HYDROLASE,2GEZ
HYDROLASE,5JAD
HYDROLASE,2BAG
HYDROLASE,5MAR
HYDROLASE,3VOW
HYDROLASE,1QWN
HYDROLASE,1JY1
HYDROLASE,2ZWO
HYDROLASE,3FEC
HYDROLASE,5HRM
HYDROLASE,3BH4
HYDROLASE,4PPR
HYDROLASE,2GK1
HYDROLASE,5C1S
HYDROLASE,2IS3
HYDROLASE,4QN3
HYDROLASE,3ST9
HYDROLASE,3WBA
HYDROLASE,1KLI
HYDROLASE,4IEF
HYDROLASE,3DYC
HYDROLASE,1GEF
HYDROLASE,3TY2
HYDROLASE,3OB8
HYDROLASE,1VEO
HYDROLASE,3LPO
HYDROLASE,1K0U
HYDROLASE,3HF9
HYDROLASE,1WPX
HYDROLASE,2ZID
HYDROLASE,3OQC
HYDROLASE,1ZKL
HYDROLASE,1EJU
HYDROLASE,3GS6
HYDROLASE,3U1T
HYDROLASE,1S9R
HYDROLASE,4YPM
HYDROLASE,4J5N
HYDROLASE,2GOK
HYDROLASE,2FM6
HYDROLASE,3UEK
HYDROLASE,3TEN
HYDROLASE,4F66
HYDROLASE,3WIB
HYDROLASE,1NE7
HYDROLASE,5JGF
HYDROLASE,3VIJ
HYDROLASE,1I9Y
HYDROLASE,2PZ0
HYDROLASE,4K3U
HYDROLASE,3LIH
HYDROLASE,3CMJ
HYDROLASE,3D66
HYDROLASE,3ANI
HYDROLASE,1IRU
HYDROLASE,1CZ1
HYDROLASE,1T2P
HYDROLASE,1L9X
HYDROLASE,2FCO
HYDROLASE,5SYP
HYDROLASE,1Z5R
HYDROLASE,1XJU
HYDROLASE,2QE7
HYDROLASE,4JZA
HYDROLASE,3KTZ
HYDROLASE,4DV8
HYDROLASE,4MRI
HYDROLASE,3EDD
HYDROLASE,3DF0
HYDROLASE,4H9Y
HYDROLASE,2Z1S
HYDROLASE,5FBG
HYDROLASE,2IAP
HYDROLASE,3G0I
HYDROLASE,2GTX
HYDROLASE,3P98
HYDROLASE,1JL2
HYDROLASE,1ID4
HYDROLASE,2CY7
HYDROLASE,4M20
HYDROLASE,4DUW
HYDROLASE,4XH8
HYDROLASE,5XEV
HYDROLASE,1YBQ
HYDROLASE,3N5F
HYDROLASE,4RL3
HYDROLASE,2ZOF
HYDROLASE,4H9U
HYDROLASE,1NT4
HYDROLASE,2P4Z
HYDROLASE,3K9B
HYDROLASE,4Y7E
HYDROLASE,3WBH
HYDROLASE,2DKV
HYDROLASE,2Q0Q
HYDROLASE,5CFI
HYDROLASE,1JHH
HYDROLASE,5GN1
HYDROLASE,3DEM
HYDROLASE,1Q6C
HYDROLASE,1M38
HYDROLASE,3N3K
HYDROLASE,5LX4
HYDROLASE,4IMJ
HYDROLASE,5JTV
HYDROLASE,2FTW
HYDROLASE,5D1B
HYDROLASE,3P3F
HYDROLASE,2ZO4
HYDROLASE,1EWZ
HYDROLASE,5L50
HYDROLASE,1EF2
HYDROLASE,3ITM
HYDROLASE,5EFN
HYDROLASE,1IHD
HYDROLASE,4IJJ
HYDROLASE,2R1P
HYDROLASE,2DZZ
HYDROLASE,5N0F
HYDROLASE,4N2X
HYDROLASE,2QQU
HYDROLASE,3U14
HYDROLASE,1HO8
HYDROLASE,3N1T
HYDROLASE,5NN3
HYDROLASE,1L0E
HYDROLASE,1K23
HYDROLASE,3FHO
HYDROLASE,3PV5
HYDROLASE,4S2L
HYDROLASE,1EUV
HYDROLASE,4DZ4
HYDROLASE,2R8Q
HYDROLASE,2G6P
HYDROLASE,2ZE0
HYDROLASE,1HQC
HYDROLASE,5DSV
HYDROLASE,2A75
TRANSFERASE,4I8A
TRANSFERASE,1ESM
TRANSFERASE,1MDO
TRANSFERASE,1LUF
TRANSFERASE,3WCO
TRANSFERASE,1KWP
TRANSFERASE,2H6H
TRANSFERASE,3DZO
TRANSFERASE,1KP9
TRANSFERASE,3VVM
TRANSFERASE,1G60
TRANSFERASE,1KSW
TRANSFERASE,5KEJ
TRANSFERASE,1KNQ
TRANSFERASE,4O67
TRANSFERASE,3CU0
TRANSFERASE,3QWV
TRANSFERASE,4ZP6
TRANSFERASE,2EU8
TRANSFERASE,1I2R
TRANSFERASE,2EW8
TRANSFERASE,3H5N
TRANSFERASE,3DD1
TRANSFERASE,4H05
TRANSFERASE,1ZY4
TRANSFERASE,5MU1
TRANSFERASE,1QSO
TRANSFERASE,3UIM
TRANSFERASE,2HG4
TRANSFERASE,4V7G
TRANSFERASE,2Z1E
TRANSFERASE,4HG6
TRANSFERASE,1LBK
TRANSFERASE,2FYF
TRANSFERASE,4GTC
TRANSFERASE,5HJI
TRANSFERASE,3K7D
TRANSFERASE,1IG0
TRANSFERASE,2O9B
TRANSFERASE,3KLK
TRANSFERASE,1G6S
TRANSFERASE,3PBE
TRANSFERASE,1PXG
TRANSFERASE,5UIN
TRANSFERASE,4KGB
TRANSFERASE,3EZW
TRANSFERASE,4Q2G
TRANSFERASE,4JTI
TRANSFERASE,3T7A
TRANSFERASE,1D6I
TRANSFERASE,1SAZ
TRANSFERASE,1IKW
TRANSFERASE,1R74
TRANSFERASE,1DD9
TRANSFERASE,5C01
TRANSFERASE,5JZN
TRANSFERASE,2GFY
TRANSFERASE,5VSJ
TRANSFERASE,3C0K
TRANSFERASE,1PN9
TRANSFERASE,5MP7
TRANSFERASE,1EFY
TRANSFERASE,5XJ1
TRANSFERASE,1XDJ
TRANSFERASE,2PWY
TRANSFERASE,3G51
TRANSFERASE,3VGU
TRANSFERASE,4R3P
TRANSFERASE,1ZP9
TRANSFERASE,1OMW
TRANSFERASE,4L3L
TRANSFERASE,4HZN
TRANSFERASE,3G5Q
TRANSFERASE,4DT8
TRANSFERASE,1WOO
TRANSFERASE,3SZ8
TRANSFERASE,2PA8
TRANSFERASE,1ZUN
TRANSFERASE,4RIX
TRANSFERASE,3TNP
TRANSFERASE,4KE4
TRANSFERASE,3F9M
TRANSFERASE,1QD1
TRANSFERASE,5LGQ
TRANSFERASE,2QON
TRANSFERASE,5CZY
TRANSFERASE,5UTK
TRANSFERASE,5FHR
TRANSFERASE,4MKP
TRANSFERASE,2HIG
TRANSFERASE,2R4T
TRANSFERASE,1IIC
TRANSFERASE,1P1B
TRANSFERASE,3VJO
TRANSFERASE,1RA7
TRANSFERASE,5F7Z
TRANSFERASE,4F5I
TRANSFERASE,2IAJ
TRANSFERASE,3OTK
TRANSFERASE,4HSO
TRANSFERASE,1Y6E
TRANSFERASE,5M5Z
TRANSFERASE,1KXJ
TRANSFERASE,2HWG
TRANSFERASE,2AZT
TRANSFERASE,3LVP
TRANSFERASE,3DCV
TRANSFERASE,2FT0
TRANSFERASE,2B1P
TRANSFERASE,2YY8
TRANSFERASE,3DAE
TRANSFERASE,5JPH
TRANSFERASE,1G95
TRANSFERASE,1IW7
TRANSFERASE,3O96
TRANSFERASE,4Z19
TRANSFERASE,3TG5
TRANSFERASE,2GDU
TRANSFERASE,4GTL
TRANSFERASE,1EFZ
TRANSFERASE,3JWH
TRANSFERASE,2QR7
TRANSFERASE,3PFF
TRANSFERASE,2EB2
TRANSFERASE,2Z87
TRANSFERASE,5KY5
TRANSFERASE,2FUM
TRANSFERASE,3RDP
TRANSFERASE,1OPL
TRANSFERASE,1VBF
TRANSFERASE,4NA2
TRANSFERASE,4TVM
TRANSFERASE,3NYN
TRANSFERASE,1EZF
TRANSFERASE,2OEF
TRANSFERASE,5HUL
TRANSFERASE,1CZA
TRANSFERASE,3GCU
TRANSFERASE,3SGC
TRANSFERASE,4DMG
TRANSFERASE,4N8L
TRANSFERASE,1T13
TRANSFERASE,1LEW
TRANSFERASE,1VG4
TRANSFERASE,5DJ1
TRANSFERASE,5D9H
TRANSFERASE,4QRH
TRANSFERASE,1OMX
TRANSFERASE,2AN9
TRANSFERASE,4KQA
TRANSFERASE,3V4E
TRANSFERASE,4OKM
TRANSFERASE,3M5C
TRANSFERASE,3C0G
TRANSFERASE,4WIH
TRANSFERASE,2O5K
TRANSFERASE,1RJD
TRANSFERASE,4R6W
TRANSFERASE,3HIH
TRANSFERASE,4N08
TRANSFERASE,4R9V
TRANSFERASE,1TWS
TRANSFERASE,1NA7
TRANSFERASE,4H3Y
TRANSFERASE,3C72
TRANSFERASE,1DAW
TRANSFERASE,1I75
TRANSFERASE,3GMT
TRANSFERASE,5IDO
TRANSFERASE,1U5J
TRANSFERASE,4NV1
TRANSFERASE,4FHX
TRANSFERASE,2FAW
TRANSFERASE,1P19
TRANSFERASE,3EKK
TRANSFERASE,4QNU
TRANSFERASE,4U97
TRANSFERASE,1I12
TRANSFERASE,1LS3
TRANSFERASE,2F7K
TRANSFERASE,1ZGN
TRANSFERASE,2AUJ
TRANSFERASE,3E25
TRANSFERASE,2HRO
TRANSFERASE,5E8V
TRANSFERASE,4M66
TRANSFERASE,5YKS
TRANSFERASE,3K2L
TRANSFERASE,1XJD
TRANSFERASE,5DMZ
TRANSFERASE,1I5O
TRANSFERASE,1DFO
TRANSFERASE,1HZW
TRANSFERASE,1JH8
TRANSFERASE,3L06
TRANSFERASE,5VXZ
TRANSFERASE,4EU1
TRANSFERASE,1OPK
TRANSFERASE,1Z1E
TRANSFERASE,3NDI
TRANSFERASE,4MD7
TRANSFERASE,1S1T
TRANSFERASE,4KAM
TRANSFERASE,3DEZ
TRANSFERASE,5L0T
TRANSFERASE,1K9A
TRANSFERASE,4DTB
TRANSFERASE,3JS2
TRANSFERASE,1XR7
TRANSFERASE,2ON7
TRANSFERASE,1IG8
TRANSFERASE,3LPE
TRANSFERASE,1XR5
TRANSFERASE,3I53
TRANSFERASE,4ZTC
TRANSFERASE,4RZ6
TRANSFERASE,4WKY
TRANSFERASE,5FBS
TRANSFERASE,1P6X
TRANSFERASE,2B7N
TRANSFERASE,3Q8X
TRANSFERASE,5I23
TRANSFERASE,1OYJ
TRANSFERASE,3FRO
TRANSFERASE,4MD8
TRANSFERASE,3NWY
TRANSFERASE,5UPL
TRANSFERASE,1Z8D
TRANSFERASE,5MU5
TRANSFERASE,4LZO
TRANSFERASE,2FM7
TRANSFERASE,5WX5
TRANSFERASE,2I7P
TRANSFERASE,1KDO
TRANSFERASE,5D7H
TRANSFERASE,4GA5
TRANSFERASE,4DMV
TRANSFERASE,2D4C
TRANSFERASE,3E0V
TRANSFERASE,3DWK
TRANSFERASE,3GT8
TRANSFERASE,3QEN
TRANSFERASE,4PYG
TRANSFERASE,2G95
TRANSFERASE,1YJ5
TRANSFERASE,5KP5
TRANSFERASE,2HUF
TRANSFERASE,1F28
TRANSFERASE,5VB0
TRANSFERASE,3WXI
TRANSFERASE,1F8X
TRANSFERASE,3HZT
TRANSFERASE,1S5K
TRANSFERASE,3LXK
TRANSFERASE,5IDP
TRANSFERASE,4EHW
TRANSFERASE,5IF1
TRANSFERASE,3E2P
TRANSFERASE,4E3R
TRANSFERASE,1TD9
TRANSFERASE,5EEG
TRANSFERASE,3QQ0
TRANSFERASE,4NQF
TRANSFERASE,2IJF
TRANSFERASE,4W9X
TRANSFERASE,1QBQ
TRANSFERASE,5U02
TRANSFERASE,3R0Q
TRANSFERASE,2OI4
TRANSFERASE,1K1F
TRANSFERASE,3C9R
TRANSFERASE,5WRR
TRANSFERASE,3OC9
TRANSFERASE,1YOL
TRANSFERASE,2ORW
TRANSFERASE,4JD6
TRANSFERASE,1JPA
TRANSFERASE,6B6U
TRANSFERASE,3B3F
TRANSFERASE,3MAV
TRANSFERASE,3HL4
TRANSFERASE,2R4B
TRANSFERASE,1I2D
TRANSFERASE,3BFX
TRANSFERASE,3PE4
TRANSFERASE,3S82
TRANSFERASE,4FL2
TRANSFERASE,3DUV
TRANSFERASE,2I0F
TRANSFERASE,4XD1
TRANSFERASE,1FGX
TRANSFERASE,1NJF
TRANSFERASE,1JQD
TRANSFERASE,2G8D
TRANSFERASE,3VK5
TRANSFERASE,1M7Q
TRANSFERASE,5GHF
TRANSFERASE,2FFU
TRANSFERASE,3WV7
TRANSFERASE,5I90
TRANSFERASE,1DS5
TRANSFERASE,4ZS4
TRANSFERASE,4X41
TRANSFERASE,2AZK
TRANSFERASE,5WKP
TRANSFERASE,1LL2
TRANSFERASE,5LCJ
TRANSFERASE,1VRP
TRANSFERASE,4H6U
TRANSFERASE,1EJI
TRANSFERASE,1NW4
TRANSFERASE,1SUS
TRANSFERASE,3LKK
TRANSFERASE,3DRB
TRANSFERASE,4RY4
TRANSFERASE,5HUH
TRANSFERASE,4X6L
TRANSFERASE,4XB6
TRANSFERASE,1L2L
TRANSFERASE,4R2N
TRANSFERASE,4QE3
TRANSFERASE,2OH4
TRANSFERASE,4XH1
TRANSFERASE,3IDB
TRANSFERASE,3C48
TRANSFERASE,2O6L
TRANSFERASE,2RGP
TRANSFERASE,3F1V
TRANSFERASE,4UBV
TRANSFERASE,2AEH
TRANSFERASE,1I8B
TRANSFERASE,4Z9D
TRANSFERASE,5V8D
TRANSFERASE,4O30
TRANSFERASE,2ZAG
TRANSFERASE,3C6K
TRANSFERASE,4KQH
TRANSFERASE,1JQE
TRANSFERASE,3N8T
TRANSFERASE,5JCU
TRANSFERASE,5LX6
TRANSFERASE,2YYE
TRANSFERASE,3QVU
TRANSFERASE,2PSS
TRANSFERASE,3TQQ
TRANSFERASE,4JWF
TRANSFERASE,3DV2
TRANSFERASE,1GHE
TRANSFERASE,3UBM
TRANSFERASE,4FP9
TRANSFERASE,2NRC
TRANSFERASE,3N9W
TRANSFERASE,1JXV
TRANSFERASE,1M5H
TRANSFERASE,3EVW
TRANSFERASE,3L0H
TRANSFERASE,5MO4
TRANSFERASE,1RO8
TRANSFERASE,5U1Z
TRANSFERASE,3HAV
TRANSFERASE,3TPZ
TRANSFERASE,2Z9U
TRANSFERASE,2RF2
TRANSFERASE,3CS9
TRANSFERASE,1I2Q
TRANSFERASE,4GOX
TRANSFERASE,5TDE
TRANSFERASE,5EJ4
TRANSFERASE,5BP4
TRANSFERASE,1TVY
TRANSFERASE,2QLL
TRANSFERASE,3IL5
TRANSFERASE,4E8O
TRANSFERASE,2ZIE
TRANSFERASE,5VXF
TRANSFERASE,5VRG
TRANSFERASE,1C9Y
TRANSFERASE,4PVF
TRANSFERASE,1I21
TRANSFERASE,3HFY
TRANSFERASE,1LWF
TRANSFERASE,3CUX
TRANSFERASE,3GJW
TRANSFERASE,1TUU
TRANSFERASE,5IZJ
TRANSFERASE,3RY7
TRANSFERASE,4QG8
TRANSFERASE,3CIZ
TRANSFERASE,1YT5
TRANSFERASE,5NLM
TRANSFERASE,4ZPA
TRANSFERASE,4I1Z
TRANSFERASE,4QG6
TRANSFERASE,1LTQ
TRANSFERASE,3OXF
TRANSFERASE,2QMH
TRANSFERASE,5B6D
TRANSFERASE,1EM6
TRANSFERASE,1K4V
TRANSFERASE,5KP7
TRANSFERASE,4XGW
TRANSFERASE,1HPZ
TRANSFERASE,2G6W
TRANSFERASE,1EKK
TRANSFERASE,1T3I
TRANSFERASE,2ACV
TRANSFERASE,1JXA
TRANSFERASE,4GK5
TRANSFERASE,1U09
TRANSFERASE,5CKW
TRANSFERASE,3LG0
TRANSFERASE,1G24
TRANSFERASE,5JVN
TRANSFERASE,5CAB
TRANSFERASE,1K44
TRANSFERASE,1UDW
TRANSFERASE,1SS9
TRANSFERASE,3IM8
TRANSFERASE,3DR4
TRANSFERASE,3OM2
TRANSFERASE,4IJQ
TRANSFERASE,3IL4
TRANSFERASE,4FG8
TRANSFERASE,4FVM
TRANSFERASE,1F5Q
TRANSFERASE,2OPQ
TRANSFERASE,4XH5
TRANSFERASE,4N8I
TRANSFERASE,4JTH
TRANSFERASE,2IEW
TRANSFERASE,2Z5L
TRANSFERASE,1PZM
TRANSFERASE,4QBU
TRANSFERASE,3KRA
TRANSFERASE,2POT
TRANSFERASE,5CGE
TRANSFERASE,5HV1
TRANSFERASE,1OY0
TRANSFERASE,1PIE
TRANSFERASE,1FWY
TRANSFERASE,3V97
TRANSFERASE,3O08
TRANSFERASE,2GMU
TRANSFERASE,3GON
TRANSFERASE,4FL3
TRANSFERASE,3TOA
TRANSFERASE,4NDN
TRANSFERASE,3GB9
TRANSFERASE,1KGZ
TRANSFERASE,2B7A
TRANSFERASE,1KAG
TRANSFERASE,5L8J
TRANSFERASE,4IR7
TRANSFERASE,3ALN
TRANSFERASE,1FOT
TRANSFERASE,2QOK
TRANSFERASE,2AFB
TRANSFERASE,1GC5
TRANSFERASE,1IXK
TRANSFERASE,2H21
TRANSFERASE,4QEK
TRANSFERASE,4Q0I
TRANSFERASE,5CSP
TRANSFERASE,1OT3
TRANSFERASE,2ZB2
TRANSFERASE,1MN6
TRANSFERASE,3O4F
TRANSFERASE,3TMA
TRANSFERASE,4YZM
TRANSFERASE,5MQJ
TRANSFERASE,3I79
TRANSFERASE,2G8A
TRANSFERASE,3DA8
TRANSFERASE,3HCE
TRANSFERASE,3WYW
TRANSFERASE,4GU9
TRANSFERASE,1DTU
TRANSFERASE,3O0Z
TRANSFERASE,4WSE
TRANSFERASE,4TW9
TRANSFERASE,1P5H
TRANSFERASE,2PZI
TRANSFERASE,1J3L
TRANSFERASE,3RIM
TRANSFERASE,3RYO
TRANSFERASE,3L9Q
TRANSFERASE,3S41
TRANSFERASE,4TRT
TRANSFERASE,5N7V
TRANSFERASE,1LWH
TRANSFERASE,1JVN
TRANSFERASE,1M8P
TRANSFERASE,5GHG
TRANSFERASE,2GOO
TRANSFERASE,5E1S
TRANSFERASE,3TSA
TRANSFERASE,4H3P
TRANSFERASE,1XK9
TRANSFERASE,1ZCY
TRANSFERASE,3WEJ
OXIDOREDUCTASE,3P9S
OXIDOREDUCTASE,4NBV
OXIDOREDUCTASE,2DFV
OXIDOREDUCTASE,3TJJ
OXIDOREDUCTASE,1PEM
OXIDOREDUCTASE,1PS7
OXIDOREDUCTASE,4QKB
OXIDOREDUCTASE,4Z0H
OXIDOREDUCTASE,5JYA
OXIDOREDUCTASE,5NZP
OXIDOREDUCTASE,5HYM
OXIDOREDUCTASE,3K9Q
OXIDOREDUCTASE,3P74
OXIDOREDUCTASE,3HSK
OXIDOREDUCTASE,3O8Y
OXIDOREDUCTASE,1P0W
OXIDOREDUCTASE,3C6G
OXIDOREDUCTASE,1ZO4
OXIDOREDUCTASE,3H4H
OXIDOREDUCTASE,1R4S
OXIDOREDUCTASE,3DL5
OXIDOREDUCTASE,3LQ2
OXIDOREDUCTASE,3OO3
OXIDOREDUCTASE,1SQD
OXIDOREDUCTASE,5XB8
OXIDOREDUCTASE,4DR0
OXIDOREDUCTASE,4QAI
OXIDOREDUCTASE,3AWD
OXIDOREDUCTASE,4FAH
OXIDOREDUCTASE,5JE8
OXIDOREDUCTASE,3KEG
OXIDOREDUCTASE,3ATY
OXIDOREDUCTASE,1WQL
OXIDOREDUCTASE,3NVV
OXIDOREDUCTASE,3W6G
OXIDOREDUCTASE,1MJG
OXIDOREDUCTASE,4NAO
OXIDOREDUCTASE,3AI3
OXIDOREDUCTASE,1ZMC
OXIDOREDUCTASE,3CV9
OXIDOREDUCTASE,3WA3
OXIDOREDUCTASE,2QT6
OXIDOREDUCTASE,3H8I
OXIDOREDUCTASE,4ILT
OXIDOREDUCTASE,5L1O
OXIDOREDUCTASE,1TO5
OXIDOREDUCTASE,3H4V
OXIDOREDUCTASE,2OFP
OXIDOREDUCTASE,1V5F
OXIDOREDUCTASE,1XLT
OXIDOREDUCTASE,3FSU
OXIDOREDUCTASE,4FW8
OXIDOREDUCTASE,5KH0
OXIDOREDUCTASE,5D8S
OXIDOREDUCTASE,5XXI
OXIDOREDUCTASE,3OP4
OXIDOREDUCTASE,3SWO
OXIDOREDUCTASE,2IPF
OXIDOREDUCTASE,1MO9
OXIDOREDUCTASE,4E5P
OXIDOREDUCTASE,1G8K
OXIDOREDUCTASE,3DKH
OXIDOREDUCTASE,5KOW
OXIDOREDUCTASE,1XPQ
OXIDOREDUCTASE,1X13
OXIDOREDUCTASE,3L67
OXIDOREDUCTASE,4QM9
OXIDOREDUCTASE,1IVV
OXIDOREDUCTASE,3UOV
OXIDOREDUCTASE,1TYO
OXIDOREDUCTASE,1TDW
OXIDOREDUCTASE,3HNC
OXIDOREDUCTASE,1U9T
OXIDOREDUCTASE,1PS8
OXIDOREDUCTASE,3KB6
OXIDOREDUCTASE,3X1N
OXIDOREDUCTASE,1NZW
OXIDOREDUCTASE,3KRB
OXIDOREDUCTASE,4EGF
OXIDOREDUCTASE,2GAS
OXIDOREDUCTASE,3R19
OXIDOREDUCTASE,1QAF
OXIDOREDUCTASE,4KCF
OXIDOREDUCTASE,3QFA
OXIDOREDUCTASE,2OS2
OXIDOREDUCTASE,3AWM
OXIDOREDUCTASE,5H3E
OXIDOREDUCTASE,4L8V
OXIDOREDUCTASE,4M5P
OXIDOREDUCTASE,5KVI
OXIDOREDUCTASE,4R1N
OXIDOREDUCTASE,1DDX
OXIDOREDUCTASE,2YX9
OXIDOREDUCTASE,1EHK
OXIDOREDUCTASE,1YJL
OXIDOREDUCTASE,3LD6
OXIDOREDUCTASE,1Q0C
OXIDOREDUCTASE,3RNF
OXIDOREDUCTASE,3FPC
OXIDOREDUCTASE,3GWD
OXIDOREDUCTASE,3FJN
OXIDOREDUCTASE,5EA2
OXIDOREDUCTASE,1MQF
OXIDOREDUCTASE,5J7X
OXIDOREDUCTASE,1ZY8
OXIDOREDUCTASE,3W8W
OXIDOREDUCTASE,4RRW
OXIDOREDUCTASE,4KVJ
OXIDOREDUCTASE,3CX5
OXIDOREDUCTASE,3S55
OXIDOREDUCTASE,1N2N
OXIDOREDUCTASE,5VLB
OXIDOREDUCTASE,3X0Y
OXIDOREDUCTASE,3TSB
OXIDOREDUCTASE,1T93
OXIDOREDUCTASE,4GY4
OXIDOREDUCTASE,3HY2
OXIDOREDUCTASE,3E5J
OXIDOREDUCTASE,5D8X
OXIDOREDUCTASE,3V98
OXIDOREDUCTASE,4GWE
OXIDOREDUCTASE,3N1Z
OXIDOREDUCTASE,1WNX
OXIDOREDUCTASE,3NRZ
OXIDOREDUCTASE,3I52
OXIDOREDUCTASE,2A1X
OXIDOREDUCTASE,3AFE
OXIDOREDUCTASE,3WVS
OXIDOREDUCTASE,4ZXV
OXIDOREDUCTASE,1DD7
OXIDOREDUCTASE,5F5N
OXIDOREDUCTASE,3WEU
OXIDOREDUCTASE,3EAN
OXIDOREDUCTASE,3PID
OXIDOREDUCTASE,3NTD
OXIDOREDUCTASE,1ICP
OXIDOREDUCTASE,1LZX
OXIDOREDUCTASE,3MMH
OXIDOREDUCTASE,3O26
OXIDOREDUCTASE,3MZ0
OXIDOREDUCTASE,3VO2
OXIDOREDUCTASE,2ZYA
OXIDOREDUCTASE,3P8J
OXIDOREDUCTASE,5LNJ
OXIDOREDUCTASE,1IWJ
OXIDOREDUCTASE,4FJU
OXIDOREDUCTASE,1EN4
OXIDOREDUCTASE,1ZP4
OXIDOREDUCTASE,1EGY
OXIDOREDUCTASE,3AEK
OXIDOREDUCTASE,4OPI
OXIDOREDUCTASE,1DLM
OXIDOREDUCTASE,2PDI
OXIDOREDUCTASE,4TO9
OXIDOREDUCTASE,3B0J
OXIDOREDUCTASE,5XTQ
OXIDOREDUCTASE,1EQG
OXIDOREDUCTASE,4H23
OXIDOREDUCTASE,1RQ1
OXIDOREDUCTASE,2ONN
OXIDOREDUCTASE,2QA2
OXIDOREDUCTASE,4WUO
OXIDOREDUCTASE,5CAX
OXIDOREDUCTASE,5JWP
OXIDOREDUCTASE,3IWJ
OXIDOREDUCTASE,2IJ2
OXIDOREDUCTASE,5Y1I
OXIDOREDUCTASE,1M9J
OXIDOREDUCTASE,5UZU
OXIDOREDUCTASE,1K02
OXIDOREDUCTASE,1XJZ
OXIDOREDUCTASE,1XIY
OXIDOREDUCTASE,4ZZ7
OXIDOREDUCTASE,3I6D
OXIDOREDUCTASE,5CFZ
OXIDOREDUCTASE,4QPD
OXIDOREDUCTASE,5J32
OXIDOREDUCTASE,5C7L
OXIDOREDUCTASE,3CQP
OXIDOREDUCTASE,3LOY
OXIDOREDUCTASE,1DLJ
OXIDOREDUCTASE,3FR7
OXIDOREDUCTASE,4EQR
OXIDOREDUCTASE,4RGB
OXIDOREDUCTASE,2O48
OXIDOREDUCTASE,2PG7
OXIDOREDUCTASE,5MEW
OXIDOREDUCTASE,4TX3
OXIDOREDUCTASE,5GRF
OXIDOREDUCTASE,3E2Q
OXIDOREDUCTASE,3WNV
OXIDOREDUCTASE,1EZW
OXIDOREDUCTASE,2BD0
OXIDOREDUCTASE,1I5R
OXIDOREDUCTASE,5UNI
OXIDOREDUCTASE,3TJB
OXIDOREDUCTASE,3DFZ
OXIDOREDUCTASE,1JEZ
OXIDOREDUCTASE,1TXG
OXIDOREDUCTASE,5U8U
OXIDOREDUCTASE,4YSA
OXIDOREDUCTASE,2GER
OXIDOREDUCTASE,4QPC
OXIDOREDUCTASE,3A9W
OXIDOREDUCTASE,5GUY
OXIDOREDUCTASE,1WNB
OXIDOREDUCTASE,3B6Z
OXIDOREDUCTASE,4GQG
OXIDOREDUCTASE,3EKD
OXIDOREDUCTASE,3TRI
OXIDOREDUCTASE,3ICC
OXIDOREDUCTASE,3KHP
OXIDOREDUCTASE,3B51
OXIDOREDUCTASE,4FAS
OXIDOREDUCTASE,2HG2
OXIDOREDUCTASE,4DNZ
OXIDOREDUCTASE,4MH2
OXIDOREDUCTASE,1QSG
OXIDOREDUCTASE,1TV5
OXIDOREDUCTASE,3P2Y
OXIDOREDUCTASE,5KLV
OXIDOREDUCTASE,3ETE
OXIDOREDUCTASE,5JZX
OXIDOREDUCTASE,5U0L
OXIDOREDUCTASE,4U4I
OXIDOREDUCTASE,5NIT
OXIDOREDUCTASE,4N4J
OXIDOREDUCTASE,1EL3
OXIDOREDUCTASE,3HML
OXIDOREDUCTASE,1PQP
OXIDOREDUCTASE,4I1W
OXIDOREDUCTASE,1PVN
OXIDOREDUCTASE,1DVG
OXIDOREDUCTASE,4EUE
OXIDOREDUCTASE,3Q14
OXIDOREDUCTASE,1WMB
OXIDOREDUCTASE,3AYF
OXIDOREDUCTASE,3VLX
OXIDOREDUCTASE,1MXT
OXIDOREDUCTASE,1F24
OXIDOREDUCTASE,3K4K
OXIDOREDUCTASE,5WAN
OXIDOREDUCTASE,3INL
OXIDOREDUCTASE,3RX2
OXIDOREDUCTASE,3K92
OXIDOREDUCTASE,2AHR
OXIDOREDUCTASE,2FPT
OXIDOREDUCTASE,3CXV
OXIDOREDUCTASE,4P9S
OXIDOREDUCTASE,5V5K
OXIDOREDUCTASE,5COA
OXIDOREDUCTASE,2YYY
OXIDOREDUCTASE,1FJH
OXIDOREDUCTASE,5LWW
OXIDOREDUCTASE,4QL9
OXIDOREDUCTASE,1XK0
OXIDOREDUCTASE,1PU0
OXIDOREDUCTASE,1PJ5
OXIDOREDUCTASE,4YBN
OXIDOREDUCTASE,4PVK
OXIDOREDUCTASE,5VWS
OXIDOREDUCTASE,3PPI
OXIDOREDUCTASE,4POK
OXIDOREDUCTASE,3HB6
OXIDOREDUCTASE,3TTX
OXIDOREDUCTASE,5L1U
OXIDOREDUCTASE,2Z6I
OXIDOREDUCTASE,3HVX
OXIDOREDUCTASE,2D3Q
OXIDOREDUCTASE,1JUE
OXIDOREDUCTASE,1PWL
OXIDOREDUCTASE,5MED
OXIDOREDUCTASE,1RM3
OXIDOREDUCTASE,4HR3
OXIDOREDUCTASE,3SBP
OXIDOREDUCTASE,5I5M
OXIDOREDUCTASE,3LLS
OXIDOREDUCTASE,2Z5Y
OXIDOREDUCTASE,4KN9
OXIDOREDUCTASE,1LY9
OXIDOREDUCTASE,1T0Q
OXIDOREDUCTASE,1QCW
OXIDOREDUCTASE,4G05
OXIDOREDUCTASE,3RIH
OXIDOREDUCTASE,5TXQ
OXIDOREDUCTASE,3K8Z
OXIDOREDUCTASE,2Q32
OXIDOREDUCTASE,5HV0
OXIDOREDUCTASE,4OPU
OXIDOREDUCTASE,5NQ7
OXIDOREDUCTASE,3ITQ
OXIDOREDUCTASE,1DC3
OXIDOREDUCTASE,3WSP
OXIDOREDUCTASE,2GVK
OXIDOREDUCTASE,2B1X
OXIDOREDUCTASE,5SUN
OXIDOREDUCTASE,3U52
OXIDOREDUCTASE,4XWY
OXIDOREDUCTASE,1IQC
OXIDOREDUCTASE,1I0R
OXIDOREDUCTASE,3K4N
OXIDOREDUCTASE,1DLI
OXIDOREDUCTASE,1EVI
OXIDOREDUCTASE,3VOO
OXIDOREDUCTASE,5EBK
OXIDOREDUCTASE,1LLQ
OXIDOREDUCTASE,3NTA
OXIDOREDUCTASE,1Q9I
OXIDOREDUCTASE,2IS7
OXIDOREDUCTASE,4Y9L
OXIDOREDUCTASE,3E7G
OXIDOREDUCTASE,5H8V
OXIDOREDUCTASE,4RSL
OXIDOREDUCTASE,1GGH
OXIDOREDUCTASE,1SU6
OXIDOREDUCTASE,1T2X
OXIDOREDUCTASE,5C2V
OXIDOREDUCTASE,4FB2
OXIDOREDUCTASE,4GGV
OXIDOREDUCTASE,2O2Y
OXIDOREDUCTASE,1FYZ
OXIDOREDUCTASE,2DYB
OXIDOREDUCTASE,4RV8
OXIDOREDUCTASE,2OQ7
OXIDOREDUCTASE,4DXY
OXIDOREDUCTASE,3IR7
OXIDOREDUCTASE,3TJF
OXIDOREDUCTASE,4I5G
OXIDOREDUCTASE,4OQY
OXIDOREDUCTASE,2D09
OXIDOREDUCTASE,2ZWN
OXIDOREDUCTASE,1JPZ
OXIDOREDUCTASE,3TN7
OXIDOREDUCTASE,3AN1
OXIDOREDUCTASE,1QWL
OXIDOREDUCTASE,1I19
OXIDOREDUCTASE,5IJZ
OXIDOREDUCTASE,1YQO
OXIDOREDUCTASE,3DDN
OXIDOREDUCTASE,4EMJ
OXIDOREDUCTASE,5K8Z
OXIDOREDUCTASE,4XDY
OXIDOREDUCTASE,2E1Q
OXIDOREDUCTASE,1MG0
OXIDOREDUCTASE,1HQS
OXIDOREDUCTASE,1RSR
OXIDOREDUCTASE,1L9C
OXIDOREDUCTASE,1L5H
OXIDOREDUCTASE,1Q5M
OXIDOREDUCTASE,4R5M
OXIDOREDUCTASE,3RE8
OXIDOREDUCTASE,3X3Z
OXIDOREDUCTASE,4NFS
OXIDOREDUCTASE,3V9E
OXIDOREDUCTASE,5VBU
OXIDOREDUCTASE,3TVZ
OXIDOREDUCTASE,5AYJ
OXIDOREDUCTASE,1KOL
OXIDOREDUCTASE,3V4D
OXIDOREDUCTASE,4HGH
OXIDOREDUCTASE,1S1F
OXIDOREDUCTASE,3A06
OXIDOREDUCTASE,3ERZ
OXIDOREDUCTASE,1KF6
OXIDOREDUCTASE,5WQO
OXIDOREDUCTASE,2INC
OXIDOREDUCTASE,2OQ2
OXIDOREDUCTASE,1I08
OXIDOREDUCTASE,4I8V
OXIDOREDUCTASE,4FGC
OXIDOREDUCTASE,2E6D
OXIDOREDUCTASE,1LUW
OXIDOREDUCTASE,5LO9
OXIDOREDUCTASE,1TP9
OXIDOREDUCTASE,4ML8
OXIDOREDUCTASE,1SIQ
OXIDOREDUCTASE,1G20
OXIDOREDUCTASE,5DVB
OXIDOREDUCTASE,4MCA
OXIDOREDUCTASE,2FBW
OXIDOREDUCTASE,1P0V
OXIDOREDUCTASE,3HF2
OXIDOREDUCTASE,4MHR
OXIDOREDUCTASE,4NBW
OXIDOREDUCTASE,1ZUA
OXIDOREDUCTASE,1PTZ
OXIDOREDUCTASE,2ISA
OXIDOREDUCTASE,2D1T
OXIDOREDUCTASE,5EPT
OXIDOREDUCTASE,5UCD
OXIDOREDUCTASE,2EIB
OXIDOREDUCTASE,2YYG
OXIDOREDUCTASE,3SXQ
OXIDOREDUCTASE,1JEH
OXIDOREDUCTASE,4HBK
OXIDOREDUCTASE,4HA6
OXIDOREDUCTASE,1OZU
OXIDOREDUCTASE,4Y5R
OXIDOREDUCTASE,1Z41
OXIDOREDUCTASE,2ET6
OXIDOREDUCTASE,4Y9R
OXIDOREDUCTASE,3N1Y
OXIDOREDUCTASE,1ZV2
OXIDOREDUCTASE,3OEC
OXIDOREDUCTASE,1F6M
OXIDOREDUCTASE,3AK1
OXIDOREDUCTASE,4DL9
OXIDOREDUCTASE,3P82
OXIDOREDUCTASE,4P2L
OXIDOREDUCTASE,1N3U
OXIDOREDUCTASE,4IVM
OXIDOREDUCTASE,3DWV
OXIDOREDUCTASE,3APO
OXIDOREDUCTASE,3VM4
OXIDOREDUCTASE,1SDW
OXIDOREDUCTASE,2GO1
OXIDOREDUCTASE,4TVF
OXIDOREDUCTASE,5C3O
OXIDOREDUCTASE,3D5Q
OXIDOREDUCTASE,1IYZ
OXIDOREDUCTASE,4Z6L
OXIDOREDUCTASE,1YKJ
OXIDOREDUCTASE,1LU9
OXIDOREDUCTASE,1K75
OXIDOREDUCTASE,4PXL
OXIDOREDUCTASE,3DC5
OXIDOREDUCTASE,2B0T
OXIDOREDUCTASE,5JQV
OXIDOREDUCTASE,1SIJ
OXIDOREDUCTASE,5LHG
OXIDOREDUCTASE,2AXQ
OXIDOREDUCTASE,1F0X
OXIDOREDUCTASE,3E4W
OXIDOREDUCTASE,4KQ8
OXIDOREDUCTASE,1XXU
OXIDOREDUCTASE,1U7T
OXIDOREDUCTASE,2R0G
OXIDOREDUCTASE,4L77
OXIDOREDUCTASE,5MGB
OXIDOREDUCTASE,4ZR0
OXIDOREDUCTASE,5TUM
OXIDOREDUCTASE,3NWL
OXIDOREDUCTASE,1F26
OXIDOREDUCTASE,4OU8
OXIDOREDUCTASE,3SBC
OXIDOREDUCTASE,3F4B
OXIDOREDUCTASE,5KKC
OXIDOREDUCTASE,5JCG
OXIDOREDUCTASE,3D3F
OXIDOREDUCTASE,4WZA
OXIDOREDUCTASE,5XTF
OXIDOREDUCTASE,4NU6
OXIDOREDUCTASE,5NQ8
OXIDOREDUCTASE,1JRO
OXIDOREDUCTASE,1JU9
OXIDOREDUCTASE,3H56
OXIDOREDUCTASE,1KCB
OXIDOREDUCTASE,1F8N
OXIDOREDUCTASE,1DR8
OXIDOREDUCTASE,3PGX
OXIDOREDUCTASE,2HRG
OXIDOREDUCTASE,2PDX
OXIDOREDUCTASE,2B4G
OXIDOREDUCTASE,2G6H
OXIDOREDUCTASE,1T1R
OXIDOREDUCTASE,4EK1
OXIDOREDUCTASE,4XE3
OXIDOREDUCTASE,1T2E
OXIDOREDUCTASE,2RCV
OXIDOREDUCTASE,3VF1
OXIDOREDUCTASE,1RSV
OXIDOREDUCTASE,1WNW
OXIDOREDUCTASE,2A1N
OXIDOREDUCTASE,1ZK7
OXIDOREDUCTASE,5GNL
OXIDOREDUCTASE,5E78
OXIDOREDUCTASE,1SE6
OXIDOREDUCTASE,3B0N
OXIDOREDUCTASE,3ECJ
OXIDOREDUCTASE,1JFB
OXIDOREDUCTASE,4GXF
OXIDOREDUCTASE,2GEX
OXIDOREDUCTASE,3K4M
OXIDOREDUCTASE,1Q0H
OXIDOREDUCTASE,3UUS
OXIDOREDUCTASE,1MFZ
OXIDOREDUCTASE,5WA0
OXIDOREDUCTASE,4MAE
OXIDOREDUCTASE,5NZQ
OXIDOREDUCTASE,1ULW
OXIDOREDUCTASE,5ER0
OXIDOREDUCTASE,5D6W
OXIDOREDUCTASE,5B37
OXIDOREDUCTASE,1JN0
OXIDOREDUCTASE,1XUQ
OXIDOREDUCTASE,5LA9
OXIDOREDUCTASE,3L9E
OXIDOREDUCTASE,2I0T
OXIDOREDUCTASE,4YL2
OXIDOREDUCTASE,4WZH
IMMUNE SYSTEM,5KN5
IMMUNE SYSTEM,5W1V
IMMUNE SYSTEM,5N88
IMMUNE SYSTEM,4P23
IMMUNE SYSTEM,5DQD
IMMUNE SYSTEM,1IQW
IMMUNE SYSTEM,4NGH
IMMUNE SYSTEM,5UIX
IMMUNE SYSTEM,4LL9
IMMUNE SYSTEM,1I7R
IMMUNE SYSTEM,2Z81
IMMUNE SYSTEM,3ECB
IMMUNE SYSTEM,1EGJ
IMMUNE SYSTEM,5T3S
IMMUNE SYSTEM,1I7T
IMMUNE SYSTEM,3LQZ
IMMUNE SYSTEM,1KJ3
IMMUNE SYSTEM,2PYE
IMMUNE SYSTEM,4F5D
IMMUNE SYSTEM,4EI5
IMMUNE SYSTEM,3NKD
IMMUNE SYSTEM,5AWN
IMMUNE SYSTEM,3KYN
IMMUNE SYSTEM,4WCO
IMMUNE SYSTEM,5FF6
IMMUNE SYSTEM,3H3B
IMMUNE SYSTEM,4ONF
IMMUNE SYSTEM,4LF3
IMMUNE SYSTEM,3KR3
IMMUNE SYSTEM,6B0E
IMMUNE SYSTEM,5D72
IMMUNE SYSTEM,1U3H
IMMUNE SYSTEM,5GRG
IMMUNE SYSTEM,1XZ0
IMMUNE SYSTEM,2O5X
IMMUNE SYSTEM,4QXQ
IMMUNE SYSTEM,3IDI
IMMUNE SYSTEM,3HZY
IMMUNE SYSTEM,1JPG
IMMUNE SYSTEM,4E41
IMMUNE SYSTEM,1FYH
IMMUNE SYSTEM,2F53
IMMUNE SYSTEM,3BT1
IMMUNE SYSTEM,4PRB
IMMUNE SYSTEM,5UEM
IMMUNE SYSTEM,3V6O
IMMUNE SYSTEM,3FN3
IMMUNE SYSTEM,2GIT
IMMUNE SYSTEM,1Q72
IMMUNE SYSTEM,5WT9
IMMUNE SYSTEM,2RD7
IMMUNE SYSTEM,4M5Y
IMMUNE SYSTEM,3EYF
IMMUNE SYSTEM,1WT5
IMMUNE SYSTEM,5BK0
IMMUNE SYSTEM,1U8L
IMMUNE SYSTEM,4G6K
IMMUNE SYSTEM,6AZM
IMMUNE SYSTEM,4KMT
IMMUNE SYSTEM,4JC5
IMMUNE SYSTEM,5VZR
IMMUNE SYSTEM,3IET
IMMUNE SYSTEM,3V0W
IMMUNE SYSTEM,4K7P
IMMUNE SYSTEM,4P3C
IMMUNE SYSTEM,2HKF
IMMUNE SYSTEM,5UMN
IMMUNE SYSTEM,4JG1
IMMUNE SYSTEM,3IJH
IMMUNE SYSTEM,1RZI
IMMUNE SYSTEM,5SWS
IMMUNE SYSTEM,1HZH
IMMUNE SYSTEM,5YSL
IMMUNE SYSTEM,2ICF
IMMUNE SYSTEM,5DRZ
IMMUNE SYSTEM,3U6R
IMMUNE SYSTEM,4QXG
IMMUNE SYSTEM,1EXU
IMMUNE SYSTEM,4QTH
IMMUNE SYSTEM,5M62
IMMUNE SYSTEM,3L95
IMMUNE SYSTEM,4ZUS
IMMUNE SYSTEM,3JVG
IMMUNE SYSTEM,1F11
IMMUNE SYSTEM,3L1O
IMMUNE SYSTEM,1NAN
IMMUNE SYSTEM,4XCF
IMMUNE SYSTEM,3FQN
IMMUNE SYSTEM,2HH0
IMMUNE SYSTEM,5NBQ
IMMUNE SYSTEM,4HK0
IMMUNE SYSTEM,1U95
IMMUNE SYSTEM,5KSU
IMMUNE SYSTEM,2ZOL
IMMUNE SYSTEM,5HHM
IMMUNE SYSTEM,3FOL
IMMUNE SYSTEM,3GO1
IMMUNE SYSTEM,3VG0
IMMUNE SYSTEM,3V8C
IMMUNE SYSTEM,2A6K
IMMUNE SYSTEM,3QXV
IMMUNE SYSTEM,4O5L
IMMUNE SYSTEM,3D2U
IMMUNE SYSTEM,2GA0
IMMUNE SYSTEM,2A83
IMMUNE SYSTEM,5D3I
IMMUNE SYSTEM,3TZV
IMMUNE SYSTEM,2A0Z
IMMUNE SYSTEM,1F3D
IMMUNE SYSTEM,3EYQ
IMMUNE SYSTEM,3IF1
IMMUNE SYSTEM,4MA3
IMMUNE SYSTEM,5TEZ
IMMUNE SYSTEM,4U1N
IMMUNE SYSTEM,1LO4
IMMUNE SYSTEM,4XZU
IMMUNE SYSTEM,3ILP
IMMUNE SYSTEM,4XAK
IMMUNE SYSTEM,3TYF
IMMUNE SYSTEM,4IA5
IMMUNE SYSTEM,1XR8
IMMUNE SYSTEM,2DYP
IMMUNE SYSTEM,1FL5
IMMUNE SYSTEM,3OJD
IMMUNE SYSTEM,3FEW
IMMUNE SYSTEM,3UTQ
IMMUNE SYSTEM,1QA9
IMMUNE SYSTEM,2PN5
IMMUNE SYSTEM,3U1S
IMMUNE SYSTEM,1GCZ
IMMUNE SYSTEM,3I9G
IMMUNE SYSTEM,3PIQ
IMMUNE SYSTEM,3FTG
IMMUNE SYSTEM,4LU5
IMMUNE SYSTEM,5T08
IMMUNE SYSTEM,4ELK
IMMUNE SYSTEM,1OVZ
IMMUNE SYSTEM,3DRT
IMMUNE SYSTEM,2R0W
IMMUNE SYSTEM,4FZQ
IMMUNE SYSTEM,3QUM
IMMUNE SYSTEM,5EZN
IMMUNE SYSTEM,4PS4
IMMUNE SYSTEM,4X0K
IMMUNE SYSTEM,4ZTO
IMMUNE SYSTEM,4ISV
IMMUNE SYSTEM,5BMG
IMMUNE SYSTEM,4XC1
IMMUNE SYSTEM,4WUK
IMMUNE SYSTEM,5I76
IMMUNE SYSTEM,2B39
IMMUNE SYSTEM,5EZO
IMMUNE SYSTEM,4N9G
IMMUNE SYSTEM,1L0X
IMMUNE SYSTEM,3RG1
IMMUNE SYSTEM,1U8H
IMMUNE SYSTEM,4KI5
IMMUNE SYSTEM,4LVH
IMMUNE SYSTEM,4Q6Y
IMMUNE SYSTEM,1YJG
IMMUNE SYSTEM,5VGA
IMMUNE SYSTEM,4HJJ
IMMUNE SYSTEM,5NB5
IMMUNE SYSTEM,4Q6I
IMMUNE SYSTEM,4S0U
IMMUNE SYSTEM,2R23
IMMUNE SYSTEM,1ZHL
IMMUNE SYSTEM,3GSV
IMMUNE SYSTEM,1U8M
IMMUNE SYSTEM,3WO2
IMMUNE SYSTEM,3QG7
IMMUNE SYSTEM,3RDT
IMMUNE SYSTEM,2Z4Q
IMMUNE SYSTEM,1NGZ
IMMUNE SYSTEM,2O6S
IMMUNE SYSTEM,5T29
IMMUNE SYSTEM,1I8L
IMMUNE SYSTEM,1KC5
IMMUNE SYSTEM,2QSC
IMMUNE SYSTEM,3DIF
IMMUNE SYSTEM,3DSF
IMMUNE SYSTEM,4DZB
IMMUNE SYSTEM,4K07
IMMUNE SYSTEM,5J6H
IMMUNE SYSTEM,4KGH
IMMUNE SYSTEM,3TYX
IMMUNE SYSTEM,1FZJ
IMMUNE SYSTEM,1S5I
IMMUNE SYSTEM,1IM9
IMMUNE SYSTEM,5DMK
IMMUNE SYSTEM,2GJ6
IMMUNE SYSTEM,1RJY
IMMUNE SYSTEM,1TVH
IMMUNE SYSTEM,5K64
IMMUNE SYSTEM,4R7D
IMMUNE SYSTEM,1TY0
IMMUNE SYSTEM,1KZQ
IMMUNE SYSTEM,4NHH
IMMUNE SYSTEM,3IFO
IMMUNE SYSTEM,5J6G
IMMUNE SYSTEM,2G9H
IMMUNE SYSTEM,4NHC
IMMUNE SYSTEM,4ZYP
IMMUNE SYSTEM,3CU7
IMMUNE SYSTEM,5WK2
IMMUNE SYSTEM,4NWT
IMMUNE SYSTEM,3FON
IMMUNE SYSTEM,3QEQ
IMMUNE SYSTEM,4GJH
IMMUNE SYSTEM,3GIZ
IMMUNE SYSTEM,2Z91
IMMUNE SYSTEM,4YS4
IMMUNE SYSTEM,2ARJ
IMMUNE SYSTEM,4O2E
IMMUNE SYSTEM,1T83
IMMUNE SYSTEM,5H76
IMMUNE SYSTEM,1I3R
IMMUNE SYSTEM,5DDH
IMMUNE SYSTEM,3SGD
IMMUNE SYSTEM,1MH5
IMMUNE SYSTEM,3VRJ
IMMUNE SYSTEM,3U9P
IMMUNE SYSTEM,3GSQ
IMMUNE SYSTEM,4G8F
IMMUNE SYSTEM,5TRP
IMMUNE SYSTEM,3IFL
IMMUNE SYSTEM,3VJ6
IMMUNE SYSTEM,3U30
IMMUNE SYSTEM,5VVF
IMMUNE SYSTEM,3KLA
IMMUNE SYSTEM,3O6K
IMMUNE SYSTEM,4ODV
IMMUNE SYSTEM,4F58
IMMUNE SYSTEM,4PRI
IMMUNE SYSTEM,1Q1J
IMMUNE SYSTEM,4S1D
IMMUNE SYSTEM,1SHM
IMMUNE SYSTEM,3NFN
IMMUNE SYSTEM,5CER
IMMUNE SYSTEM,2HN7
IMMUNE SYSTEM,3BW9
IMMUNE SYSTEM,5HY9
IMMUNE SYSTEM,3UZQ
IMMUNE SYSTEM,3CVI
IMMUNE SYSTEM,5OCL
IMMUNE SYSTEM,5JIK
IMMUNE SYSTEM,4ZD3
IMMUNE SYSTEM,3O3A
IMMUNE SYSTEM,5BVJ
IMMUNE SYSTEM,2Z80
IMMUNE SYSTEM,4G59
IMMUNE SYSTEM,4M7J
IMMUNE SYSTEM,5WES
IMMUNE SYSTEM,2FO4
IMMUNE SYSTEM,3QXD
IMMUNE SYSTEM,3TM6
IMMUNE SYSTEM,5IJV
IMMUNE SYSTEM,3MJ7
IMMUNE SYSTEM,5GSV
IMMUNE SYSTEM,5W38
IMMUNE SYSTEM,2QEJ
IMMUNE SYSTEM,3KYK
IMMUNE SYSTEM,3MRE
IMMUNE SYSTEM,4LIQ
IMMUNE SYSTEM,1O0V
IMMUNE SYSTEM,3FT3
IMMUNE SYSTEM,3THM
IMMUNE SYSTEM,5BQ7
IMMUNE SYSTEM,5VIC
IMMUNE SYSTEM,2FIK
IMMUNE SYSTEM,3KYO
IMMUNE SYSTEM,2R56
IMMUNE SYSTEM,3TPU
IMMUNE SYSTEM,4G9F
IMMUNE SYSTEM,3DUS
IMMUNE SYSTEM,3BH8
IMMUNE SYSTEM,2A6D
IMMUNE SYSTEM,1P1Z
IMMUNE SYSTEM,3MRD
IMMUNE SYSTEM,6B0G
IMMUNE SYSTEM,2OI9
IMMUNE SYSTEM,3MLV
IMMUNE SYSTEM,5E8N
IMMUNE SYSTEM,5IRL
IMMUNE SYSTEM,3KPH
IMMUNE SYSTEM,1R3H
IMMUNE SYSTEM,1DQT
IMMUNE SYSTEM,1XDD
IMMUNE SYSTEM,3CII
IMMUNE SYSTEM,3KQG
IMMUNE SYSTEM,4XMP
IMMUNE SYSTEM,3FO9
IMMUNE SYSTEM,5MVG
IMMUNE SYSTEM,5L2J
IMMUNE SYSTEM,4F9L
IMMUNE SYSTEM,3LQA
IMMUNE SYSTEM,1R5I
IMMUNE SYSTEM,5W1W
IMMUNE SYSTEM,5E8P
IMMUNE SYSTEM,2ZOK
IMMUNE SYSTEM,4QHK
IMMUNE SYSTEM,3D0V
IMMUNE SYSTEM,3KYM
IMMUNE SYSTEM,5GY2
IMMUNE SYSTEM,3MRH
IMMUNE SYSTEM,3BEV
IMMUNE SYSTEM,1G6R
IMMUNE SYSTEM,3G04
IMMUNE SYSTEM,5TE4
IMMUNE SYSTEM,1FL3
IMMUNE SYSTEM,1JPS
IMMUNE SYSTEM,1Y6N
IMMUNE SYSTEM,4P5M
IMMUNE SYSTEM,1JPY
IMMUNE SYSTEM,5TZT
IMMUNE SYSTEM,1K8D
IMMUNE SYSTEM,3D69
IMMUNE SYSTEM,6ANV
IMMUNE SYSTEM,3CXD
IMMUNE SYSTEM,5SWZ
IMMUNE SYSTEM,3GSW
IMMUNE SYSTEM,4ZK0
IMMUNE SYSTEM,5INC
IMMUNE SYSTEM,4HIE
IMMUNE SYSTEM,4OV5
IMMUNE SYSTEM,1L8W
IMMUNE SYSTEM,4PV8
IMMUNE SYSTEM,5GIS
IMMUNE SYSTEM,2DTS
IMMUNE SYSTEM,3VFV
IMMUNE SYSTEM,3O6L
IMMUNE SYSTEM,3MGT
IMMUNE SYSTEM,3HZM
IMMUNE SYSTEM,4HGK
IMMUNE SYSTEM,3GGW
IMMUNE SYSTEM,4M8Q
IMMUNE SYSTEM,4HS3
IMMUNE SYSTEM,4OZ4
IMMUNE SYSTEM,5EU6
IMMUNE SYSTEM,5E8D
IMMUNE SYSTEM,3QUK
IMMUNE SYSTEM,2QRI
IMMUNE SYSTEM,5EZI
IMMUNE SYSTEM,4QRS
IMMUNE SYSTEM,5EIV
IMMUNE SYSTEM,2IPK
IMMUNE SYSTEM,5GRU
IMMUNE SYSTEM,1SYV
IMMUNE SYSTEM,1T1Z
IMMUNE SYSTEM,3MAC
IMMUNE SYSTEM,5H2B
IMMUNE SYSTEM,4GW4
IMMUNE SYSTEM,1NBQ
IMMUNE SYSTEM,5I1A
IMMUNE SYSTEM,3IDG
IMMUNE SYSTEM,1XF3
IMMUNE SYSTEM,1MKF
IMMUNE SYSTEM,4HII
IMMUNE SYSTEM,5HCE
IMMUNE SYSTEM,5H7B
IMMUNE SYSTEM,5C7X
IMMUNE SYSTEM,2AAB
IMMUNE SYSTEM,1QRN
IMMUNE SYSTEM,3IU3
IMMUNE SYSTEM,2AJ3
IMMUNE SYSTEM,3KPL
IMMUNE SYSTEM,1HYR
IMMUNE SYSTEM,4X99
IMMUNE SYSTEM,6B0W
IMMUNE SYSTEM,4LCC
IMMUNE SYSTEM,4P3B
IMMUNE SYSTEM,3V7A
IMMUNE SYSTEM,4OJF
IMMUNE SYSTEM,4GUP
IMMUNE SYSTEM,5CZV
IMMUNE SYSTEM,3O2D
IMMUNE SYSTEM,1S9V
IMMUNE SYSTEM,3K2D
IMMUNE SYSTEM,1ZEA
IMMUNE SYSTEM,5T1K
IMMUNE SYSTEM,5D8J
IMMUNE SYSTEM,4KJY
IMMUNE SYSTEM,2H26
IMMUNE SYSTEM,3HE7
IMMUNE SYSTEM,4R97
IMMUNE SYSTEM,4RFE
IMMUNE SYSTEM,3MRO
IMMUNE SYSTEM,5V43
IMMUNE SYSTEM,3H9S
IMMUNE SYSTEM,5CZX
IMMUNE SYSTEM,3SGJ
IMMUNE SYSTEM,4KBY
IMMUNE SYSTEM,5O9L
IMMUNE SYSTEM,3MCK
IMMUNE SYSTEM,4XNY
IMMUNE SYSTEM,3AAZ
IMMUNE SYSTEM,3T0E
IMMUNE SYSTEM,3P11
IMMUNE SYSTEM,5TPL
IMMUNE SYSTEM,3AB0
IMMUNE SYSTEM,2Z64
IMMUNE SYSTEM,4U6X
IMMUNE SYSTEM,5DQ9
IMMUNE SYSTEM,3IDJ
IMMUNE SYSTEM,4MNH
IMMUNE SYSTEM,3U1B
IMMUNE SYSTEM,4RIR
IMMUNE SYSTEM,1YMM
IMMUNE SYSTEM,4ZYK
IMMUNE SYSTEM,5NBI
IMMUNE SYSTEM,2GT9
IMMUNE SYSTEM,3X12
IMMUNE SYSTEM,1T5X
IMMUNE SYSTEM,3SCM
IMMUNE SYSTEM,5IXK
IMMUNE SYSTEM,5VGE
IMMUNE SYSTEM,3P30
IMMUNE SYSTEM,4ORG
IMMUNE SYSTEM,5F3J
IMMUNE SYSTEM,1RZF
IMMUNE SYSTEM,4JFX
IMMUNE SYSTEM,5B39
IMMUNE SYSTEM,5B1C
IMMUNE SYSTEM,1G7Q
IMMUNE SYSTEM,3CIG
IMMUNE SYSTEM,5CIP
IMMUNE SYSTEM,3HNS
IMMUNE SYSTEM,4OCW
IMMUNE SYSTEM,5CD3
IMMUNE SYSTEM,2H3N
IMMUNE SYSTEM,5K8Y
IMMUNE SYSTEM,2GJJ
IMMUNE SYSTEM,2Z8V
IMMUNE SYSTEM,4EN3
IMMUNE SYSTEM,5D7L
IMMUNE SYSTEM,5LG1
IMMUNE SYSTEM,4EOW
IMMUNE SYSTEM,4JRY
IMMUNE SYSTEM,4U1L
IMMUNE SYSTEM,1ZS8
IMMUNE SYSTEM,4G8G
IMMUNE SYSTEM,4YHP
IMMUNE SYSTEM,3UZV
IMMUNE SYSTEM,1KPR
IMMUNE SYSTEM,4NBY
IMMUNE SYSTEM,5ID1
IMMUNE SYSTEM,1T21
IMMUNE SYSTEM,3RUG
IMMUNE SYSTEM,5EZJ
IMMUNE SYSTEM,1QVO
IMMUNE SYSTEM,6BIZ
IMMUNE SYSTEM,4IML
IMMUNE SYSTEM,5FEC
IMMUNE SYSTEM,1J8H
IMMUNE SYSTEM,5UD9
IMMUNE SYSTEM,3FQW
IMMUNE SYSTEM,4YIV
IMMUNE SYSTEM,4HKZ
IMMUNE SYSTEM,2NX5
IMMUNE SYSTEM,1KCR
IMMUNE SYSTEM,5IND
IMMUNE SYSTEM,4HUU
IMMUNE SYSTEM,5GIR
IMMUNE SYSTEM,3GSR
IMMUNE SYSTEM,5FHX
IMMUNE SYSTEM,4M7K
IMMUNE SYSTEM,3UBX
IMMUNE SYSTEM,3WBD
IMMUNE SYSTEM,4QHN
IMMUNE SYSTEM,2AJS
IMMUNE SYSTEM,3QH3
IMMUNE SYSTEM,4N8V
IMMUNE SYSTEM,3QI9
IMMUNE SYSTEM,5NM0
IMMUNE SYSTEM,3O6M
IMMUNE SYSTEM,3BEW
IMMUNE SYSTEM,4YDL
IMMUNE SYSTEM,3IXT
IMMUNE SYSTEM,4U1K
IMMUNE SYSTEM,4KXZ
IMMUNE SYSTEM,3MI8
IMMUNE SYSTEM,6AYZ
IMMUNE SYSTEM,4O4Y
IMMUNE SYSTEM,4H25
IMMUNE SYSTEM,3H9H
IMMUNE SYSTEM,3LF6
IMMUNE SYSTEM,5V4N
IMMUNE SYSTEM,3L5H
IMMUNE SYSTEM,5KWG
IMMUNE SYSTEM,4S2S
IMMUNE SYSTEM,4KH3
IMMUNE SYSTEM,4GG6
IMMUNE SYSTEM,3VFT
IMMUNE SYSTEM,4ZUT
IMMUNE SYSTEM,2BDN
IMMUNE SYSTEM,1U8P
IMMUNE SYSTEM,4Q9V
IMMUNE SYSTEM,4PB9
IMMUNE SYSTEM,3C2X
IMMUNE SYSTEM,2AXJ
LYASE,2OZT
LYASE,1J3U
LYASE,5FH1
LYASE,6ENZ
LYASE,1HM2
LYASE,2AG0
LYASE,1V8Z
LYASE,2EZ1
LYASE,4OMG
LYASE,1L9W
LYASE,4N4P
LYASE,3ANY
LYASE,4H4G
LYASE,3DZ3
LYASE,1EKJ
LYASE,3IIP
LYASE,5XW3
LYASE,3UY8
LYASE,2ZY5
LYASE,5LNT
LYASE,1JRG
LYASE,1N8I
LYASE,1IV1
LYASE,2E7I
LYASE,3E24
LYASE,3C4U
LYASE,3S5N
LYASE,3Q1T
LYASE,3FVM
LYASE,3GB6
LYASE,4KP2
LYASE,3G1S
LYASE,3KIP
LYASE,4GM0
LYASE,1JPH
LYASE,4WP9
LYASE,2Z8M
LYASE,2DGK
LYASE,1SZR
LYASE,2FWI
LYASE,3DFQ
LYASE,3LTS
LYASE,4GM1
LYASE,5M27
LYASE,3UMV
LYASE,1U11
LYASE,4RC7
LYASE,1IWP
LYASE,3R9T
LYASE,3ELP
LYASE,3PBV
LYASE,2ZGI
LYASE,3NG3
LYASE,4RHE
LYASE,3H5E
LYASE,3AHG
LYASE,1KV8
LYASE,1Z3Z
LYASE,3UXA
LYASE,1IBT
LYASE,4LY8
LYASE,3GZC
LYASE,5TZ7
LYASE,5I2A
LYASE,2HKE
LYASE,5UW3
LYASE,3G18
LYASE,1I4N
LYASE,2AAG
LYASE,1RHY
LYASE,4RXF
LYASE,1FUY
LYASE,1TJU
LYASE,4RC6
LYASE,5O30
LYASE,1D7K
LYASE,3T9G
LYASE,2ZY2
LYASE,3VK2
LYASE,4DLK
LYASE,3NX1
LYASE,2GN4
LYASE,3GDN
LYASE,2NXW
LYASE,4LTZ
LYASE,3HGW
LYASE,3MYB
LYASE,5O3N
LYASE,3LQU
LYASE,2DW6
LYASE,1N0H
LYASE,3DZ2
LYASE,2EWE
LYASE,5B1H
LYASE,5D0R
LYASE,1S5T
LYASE,2D2X
LYASE,1JPK
LYASE,4K6N
LYASE,3O3M
LYASE,4KS9
LYASE,1JCL
LYASE,3NNT
LYASE,4OX2
LYASE,1IDP
LYASE,3ELC
LYASE,3PM6
LYASE,2FW1
LYASE,3NYZ
LYASE,1XG3
LYASE,1L8P
LYASE,5MPQ
LYASE,4HWV
LYASE,3ETH
LYASE,3G1Y
LYASE,1F1S
LYASE,1EJ7
LYASE,2QCC
LYASE,4F2U
LYASE,2A6N
LYASE,3AHC
LYASE,1G5C
LYASE,1DQW
LYASE,1U0H
LYASE,5BXX
LYASE,1P5J
LYASE,5B0B
LYASE,2QEW
LYASE,1R3Q
LYASE,1C82
LYASE,3QXE
LYASE,3ANU
LYASE,3RRE
LYASE,5HSI
LYASE,2FW8
LYASE,5DZ2
LYASE,1GG1
LYASE,1HRK
LYASE,1PWX
LYASE,2FAF
LYASE,1JCJ
LYASE,5E9H
LYASE,4ERA
LYASE,3LLD
LYASE,3IAI
LYASE,3O7H
LYASE,1R8W
LYASE,1RW9
LYASE,3R0X
LYASE,3KDO
LYASE,1OVM
LYASE,1HY1
LYASE,1VAV
LYASE,1HZD
LYASE,3QZ9
LYASE,1D8C
LYASE,2FGY
LYASE,3KDN
LYASE,3FVZ
LYASE,5MBK
LYASE,3LHU
LYASE,4MLJ
LYASE,1YNU
LYASE,5DW7
LYASE,3P5Z
LYASE,4RZY
LYASE,1NR5
LYASE,3T3W
LYASE,3PJW
LYASE,4H27
LYASE,1X1H
LYASE,1UGP
LYASE,1C3U
LYASE,3A0O
LYASE,3MP4
LYASE,4MLR
LYASE,4FHG
LYASE,1YLH
LYASE,3I7Q
LYASE,4JDY
LYASE,1XMP
LYASE,2GLL
LYASE,3P5Y
LYASE,1R3R
LYASE,3MAD
LYASE,4L7Z
LYASE,3LTY
LYASE,3NJD
LYASE,4L3V
LYASE,1Y11
LYASE,1RPN
LYASE,4NJG
LYASE,4WNB
LYASE,4F2B
LYASE,3KDZ
LYASE,5DVZ
LYASE,3V18
LYASE,1JL0
LYASE,4P53
LYASE,1GC0
LYASE,1K62
LYASE,4NNA
LYASE,1EC8
LYASE,1I72
LYASE,4O4O
LYASE,1F61
LYASE,2QUU
LYASE,5J83
LYASE,3IAU
LYASE,2FPB
LYASE,4IXS
LYASE,4HJY
LYASE,1VC4
LYASE,1ZLP
LYASE,3V1V
LYASE,5JMD
LYASE,3TR2
LYASE,3HIJ
LYASE,2ZUY
LYASE,4Q3F
LYASE,1RD5
LYASE,4WAM
LYASE,5SWC
LYASE,3BV4
LYASE,3N2O
LYASE,2PP0
LYASE,1HM4
LYASE,4WR7
LYASE,3UY7
LYASE,1J0C
LYASE,4P2X
LYASE,4MKJ
LYASE,3FA3
LYASE,3V7N
LYASE,3CLH
LYASE,5ERM
LYASE,4P6D
LYASE,4WAK
LYASE,2QQD
LYASE,2HK2
LYASE,2PGE
LYASE,1YFE
LYASE,2E7Z
LYASE,1YTM
LYASE,3E2X
LYASE,1P43
LYASE,3BOH
LYASE,1JQN
LYASE,3GDK
LYASE,3G4D
LYASE,5C2G
LYASE,3H5H
LYASE,3AI7
LYASE,2PS7
LYASE,1ZAH
LYASE,2ZA0
LYASE,2A8C
LYASE,4HJW
LYASE,3D4J
LYASE,4IAE
LYASE,1L5J
LYASE,2AC2
LYASE,4L9Y
LYASE,1ZCO
LYASE,3MI2
LYASE,3LHZ
LYASE,1EIX
LYASE,1N7P
LYASE,1UGR
LYASE,2GN0
LYASE,3S0M
LYASE,2PP3
LYASE,3QT5
LYASE,4LZC
LYASE,3G3D
LYASE,1HY0
LYASE,2O6Y
LYASE,5MBJ
LYASE,1V7L
LYASE,3VVB
LYASE,2EV1
LYASE,1S89
LYASE,1T6M
LYASE,2ISV
LYASE,3H7V
LYASE,2AAL
LYASE,3LV5
LYASE,5H3L
LYASE,1UGS
LYASE,3LI0
LYASE,4IH3
LYASE,1I6O
LYASE,1J0M
LYASE,1EPX
LYASE,5LFA
LYASE,1V9K
LYASE,1R66
LYASE,2OQX
LYASE,4F0X
LYASE,2IT4
LYASE,1IBV
LYASE,1IR2
LYASE,2HBV
LYASE,1IQR
LYASE,4ZGE
LYASE,2Z1T
LYASE,3BOX
LYASE,3SI9
LYASE,3MOE
LYASE,5XZT
LYASE,3VBA
LYASE,1C97
LYASE,2AC4
LYASE,3CZV
LYASE,1JDF
LYASE,1J93
LYASE,2E0I
LYASE,3EA1
LYASE,2AL1
LYASE,2QXZ
LYASE,5B1I
LYASE,1Y4I
LYASE,1X1Z
LYASE,5TKV
LYASE,3UCC
LYASE,2HVG
LYASE,4RQO
LYASE,5CGZ
LYASE,4NEI
LYASE,1K3C
LYASE,5OYN
LYASE,1UIM
LYASE,2PTR
LYASE,1YDO
LYASE,5UGR
LYASE,1D7A
LYASE,2ON3
LYASE,1QZU
LYASE,3PS7
LYASE,1IOM
LYASE,3A76
LYASE,3GKF
LYASE,4RJJ
LYASE,1TL7
LYASE,2FYM
LYASE,1RJ5
LYASE,4GMZ
LYASE,2R91
LYASE,5KCM
LYASE,1SO3
LYASE,4YWS
LYASE,4XRT
LYASE,5GJM
LYASE,1OOC
LYASE,5O15
LYASE,4M6R
LYASE,2RKB
LYASE,3GDR
LYASE,2NZM
LYASE,5HMS
LYASE,3N75
LYASE,1D0I
LYASE,1MSV
LYASE,2H1W
LYASE,3WVD
LYASE,1S9C
LYASE,2EB4
LYASE,3GZH
LYASE,3BH2
LYASE,4N7Q
LYASE,3NAD
LYASE,4DI1
LYASE,3NQ2
LYASE,5O0W
LYASE,3NDN
LYASE,3GAK
LYASE,3NOQ
LYASE,3NZP
LYASE,4GAX
LYASE,3VVC
LYASE,1N7N
LYASE,1SO4
LYASE,2QJJ
LYASE,4IAH
LYASE,1RKX
LYASE,4M55
LYASE,1IGW
LYASE,1LW4
LYASE,1ZQ1
LYASE,4RC5
LYASE,3LI1
LYASE,3KB9
LYASE,2PTW
LYASE,1F5Z
LYASE,2PS6
LYASE,1KM0
LYASE,3MAF
LYASE,2AEK
LYASE,3F0D
LYASE,3RG8
LYASE,3F7B
LYASE,4OB2
LYASE,5FH2
LYASE,1C1H
LYASE,2HDB
LYASE,2O70
LYASE,2CW6
LYASE,4G7A
LYASE,3M01
LYASE,2QJG
LYASE,3LGK
LYASE,5N8Q
LYASE,2ZY3
LYASE,1NKG
LYASE,1KEQ
LYASE,3B97
LYASE,3O1N
LYASE,3MBD
LYASE,5GMT
LYASE,1IZC
LYASE,5OHG
LYASE,1P3W
LYASE,2HOR
LYASE,1XFB
LYASE,4FFX
LYASE,5EUJ
LYASE,1I41
LYASE,1YSL
LYASE,1KKO
LYASE,1ZMO
LYASE,3VP6
LYASE,2E4O
LYASE,1LOH
LYASE,5LNR
LYASE,3NZ4
LYASE,3SS7
LYASE,1KQ7
LYASE,3DFN
LYASE,4WLK
LYASE,1N7O
LYASE,1EGH
LYASE,5TVF
LYASE,1Q51
LYASE,3AXM
LYASE,4RV3
LYASE,2RCH
LYASE,3M1Z
LYASE,1N8P
LYASE,3H5J
LYASE,1L8X
LYASE,1NP7
LYASE,1C9E
LYASE,3T36
LYASE,3OBK
LYASE,3UNV
LYASE,3IKW
LYASE,1I8J
LYASE,4E4T
LYASE,3GLC
LYASE,1TJV
LYASE,1LOS
LYASE,4RZ4
LYASE,1T6J
LYASE,1S5W
LYASE,1RU4
LYASE,3V1X
LYASE,1KL7
LYASE,5Y4K
LYASE,3DQZ
LYASE,6BWL
LYASE,2QDY
LYASE,1P7T
LYASE,1F2J
LYASE,3QKA
LYASE,1JPI
LYASE,5TCF
LYASE,1GEH
LYASE,4FM4
LYASE,4FHC
LYASE,4F2T
LYASE,3B1B
LYASE,4ZBO
LYASE,2RFV
LYASE,1DVJ
LYASE,4U1T
LYASE,5C2X
LYASE,3LG5
LYASE,3QYQ
LYASE,4GPE
LYASE,5M3Z
LYASE,2FJT
LYASE,1FWR
LYASE,2O78
LYASE,3ILR
LYASE,5KWE
LYASE,3RRP
LYASE,5LZL
LYASE,1WVG
LYASE,3LHY
LYASE,4WAJ
TRANSPORT PROTEIN,2NPG
TRANSPORT PROTEIN,3T93
TRANSPORT PROTEIN,1R7R
TRANSPORT PROTEIN,3O7Q
TRANSPORT PROTEIN,5KOM
TRANSPORT PROTEIN,4J05
TRANSPORT PROTEIN,1Y31
TRANSPORT PROTEIN,5H0V
TRANSPORT PROTEIN,1Y5K
TRANSPORT PROTEIN,5KBN
TRANSPORT PROTEIN,5HAZ
TRANSPORT PROTEIN,2EFC
TRANSPORT PROTEIN,4RXH
TRANSPORT PROTEIN,1Y85
TRANSPORT PROTEIN,3FJG
TRANSPORT PROTEIN,4HMO
TRANSPORT PROTEIN,3HU2
TRANSPORT PROTEIN,3L1L
TRANSPORT PROTEIN,6B2D
TRANSPORT PROTEIN,4FXZ
TRANSPORT PROTEIN,1XF9
TRANSPORT PROTEIN,3FMZ
TRANSPORT PROTEIN,5OSH
TRANSPORT PROTEIN,5B51
TRANSPORT PROTEIN,3CF0
TRANSPORT PROTEIN,2OXH
TRANSPORT PROTEIN,3GYY
TRANSPORT PROTEIN,1Y4P
TRANSPORT PROTEIN,1Z15
TRANSPORT PROTEIN,4DEX
TRANSPORT PROTEIN,3S4U
TRANSPORT PROTEIN,2NPD
TRANSPORT PROTEIN,4KNH
TRANSPORT PROTEIN,4LZ6
TRANSPORT PROTEIN,1Y7G
TRANSPORT PROTEIN,4JO7
TRANSPORT PROTEIN,1Y5J
TRANSPORT PROTEIN,4OMJ
TRANSPORT PROTEIN,2PMV
TRANSPORT PROTEIN,3T51
TRANSPORT PROTEIN,2PFI
TRANSPORT PROTEIN,5JK4
TRANSPORT PROTEIN,5DIF
TRANSPORT PROTEIN,3JZJ
TRANSPORT PROTEIN,3FP4
TRANSPORT PROTEIN,1U77
TRANSPORT PROTEIN,3TT3
TRANSPORT PROTEIN,3UQ5
TRANSPORT PROTEIN,3FXB
TRANSPORT PROTEIN,4JC8
TRANSPORT PROTEIN,2G3K
TRANSPORT PROTEIN,2R8A
TRANSPORT PROTEIN,4ZOW
TRANSPORT PROTEIN,4FGV
TRANSPORT PROTEIN,5Y9V
TRANSPORT PROTEIN,5BZ2
TRANSPORT PROTEIN,1Y09
TRANSPORT PROTEIN,3FP2
TRANSPORT PROTEIN,4WV6
TRANSPORT PROTEIN,4KK9
TRANSPORT PROTEIN,1J7X
TRANSPORT PROTEIN,4WGV
TRANSPORT PROTEIN,3V03
TRANSPORT PROTEIN,5NNI
TRANSPORT PROTEIN,3CF1
TRANSPORT PROTEIN,4PB1
TRANSPORT PROTEIN,5CFY
TRANSPORT PROTEIN,3NKA
TRANSPORT PROTEIN,5BV0
TRANSPORT PROTEIN,5LBH
TRANSPORT PROTEIN,4EZC
TRANSPORT PROTEIN,5XLS
TRANSPORT PROTEIN,5F0J
TRANSPORT PROTEIN,3PJS
TRANSPORT PROTEIN,2F5X
TRANSPORT PROTEIN,4PF6
TRANSPORT PROTEIN,3D31
TRANSPORT PROTEIN,5H8F
TRANSPORT PROTEIN,5DVF
TRANSPORT PROTEIN,5IV9
TRANSPORT PROTEIN,4IKX
TRANSPORT PROTEIN,4PL0
TRANSPORT PROTEIN,1PC3
TRANSPORT PROTEIN,4RDQ
TRANSPORT PROTEIN,5HEO
TRANSPORT PROTEIN,3SAJ
TRANSPORT PROTEIN,4IKV
TRANSPORT PROTEIN,4GX5
TRANSPORT PROTEIN,4YG8
TRANSPORT PROTEIN,1XFA
TRANSPORT PROTEIN,2QV8
TRANSPORT PROTEIN,4YMX
TRANSPORT PROTEIN,3WJB
TRANSPORT PROTEIN,4DOP
TRANSPORT PROTEIN,1Y5F
TRANSPORT PROTEIN,1EE5
TRANSPORT PROTEIN,3IP5
TRANSPORT PROTEIN,5HB1
TRANSPORT PROTEIN,3TTL
TRANSPORT PROTEIN,6B2B
TRANSPORT PROTEIN,3V8F
TRANSPORT PROTEIN,3U65
TRANSPORT PROTEIN,3DSZ
TRANSPORT PROTEIN,3P7I
TRANSPORT PROTEIN,4N87
TRANSPORT PROTEIN,3SAO
TRANSPORT PROTEIN,4OAA
TRANSPORT PROTEIN,5LLU
TRANSPORT PROTEIN,3TT1
TRANSPORT PROTEIN,4PGN
TRANSPORT PROTEIN,2PFZ
TRANSPORT PROTEIN,2BBC
TRANSPORT PROTEIN,2QPQ
TRANSPORT PROTEIN,3VVN
TRANSPORT PROTEIN,3UK0
TRANSPORT PROTEIN,1XT8
TRANSPORT PROTEIN,3A1Z
TRANSPORT PROTEIN,1OXX
TRANSPORT PROTEIN,1Y4B
TRANSPORT PROTEIN,4PFI
TRANSPORT PROTEIN,3IBO
TRANSPORT PROTEIN,1T3L
TRANSPORT PROTEIN,3NH6
TRANSPORT PROTEIN,1Y4F
TRANSPORT PROTEIN,4EXV
TRANSPORT PROTEIN,5N2C
TRANSPORT PROTEIN,5MLT
TRANSPORT PROTEIN,3QIM
TRANSPORT PROTEIN,3TZU
TRANSPORT PROTEIN,2R7A
TRANSPORT PROTEIN,3GB8
TRANSPORT PROTEIN,3QS6
TRANSPORT PROTEIN,3AM6
TRANSPORT PROTEIN,4GBY
TRANSPORT PROTEIN,1I4U
TRANSPORT PROTEIN,3K3F
TRANSPORT PROTEIN,5CTH
TRANSPORT PROTEIN,3GJ4
TRANSPORT PROTEIN,5KSD
TRANSPORT PROTEIN,2P22
TRANSPORT PROTEIN,3O21
TRANSPORT PROTEIN,1SDM
TRANSPORT PROTEIN,2G29
TRANSPORT PROTEIN,3KZA
TRANSPORT PROTEIN,1XFH
TRANSPORT PROTEIN,3FH6
TRANSPORT PROTEIN,4YO5
TRANSPORT PROTEIN,4PFB
TRANSPORT PROTEIN,1NQF
TRANSPORT PROTEIN,3HAO
TRANSPORT PROTEIN,3BXZ
TRANSPORT PROTEIN,5HJ8
TRANSPORT PROTEIN,3P03
TRANSPORT PROTEIN,3PH5
TRANSPORT PROTEIN,2GHI
TRANSPORT PROTEIN,1Y7Z
TRANSPORT PROTEIN,1VCI
TRANSPORT PROTEIN,3NRP
TRANSPORT PROTEIN,4Z7F
TRANSPORT PROTEIN,4MIJ
TRANSPORT PROTEIN,4FZ0
TRANSPORT PROTEIN,3JQO
TRANSPORT PROTEIN,5BUZ
TRANSPORT PROTEIN,3K07
TRANSPORT PROTEIN,1N4A
TRANSPORT PROTEIN,3TTK
TRANSPORT PROTEIN,5M11
TRANSPORT PROTEIN,4KK8
TRANSPORT PROTEIN,3HPE
TRANSPORT PROTEIN,1XYE
TRANSPORT PROTEIN,4EI2
TRANSPORT PROTEIN,4IRX
TRANSPORT PROTEIN,1OXS
TRANSPORT PROTEIN,3EA5
TRANSPORT PROTEIN,3V8G
TRANSPORT PROTEIN,3KCU
TRANSPORT PROTEIN,4YB9
TRANSPORT PROTEIN,6B2A
TRANSPORT PROTEIN,3FY7
TRANSPORT PROTEIN,5JVB
TRANSPORT PROTEIN,3VV5
TRANSPORT PROTEIN,4P3Z
TRANSPORT PROTEIN,3IPC
TRANSPORT PROTEIN,3UB1
TRANSPORT PROTEIN,4DVE
TRANSPORT PROTEIN,3C1I
TRANSPORT PROTEIN,3HOL
TRANSPORT PROTEIN,4Q6B
TRANSPORT PROTEIN,4DI4
TRANSPORT PROTEIN,3WMF
TRANSPORT PROTEIN,5MMT
TRANSPORT PROTEIN,3A1S
TRANSPORT PROTEIN,4MYC
TRANSPORT PROTEIN,5HB4
TRANSPORT PROTEIN,5UL7
TRANSPORT PROTEIN,3W4T
TRANSPORT PROTEIN,3O2J
TRANSPORT PROTEIN,4N7X
TRANSPORT PROTEIN,4IJ7
TRANSPORT PROTEIN,2FH5
TRANSPORT PROTEIN,2IPC
TRANSPORT PROTEIN,5IXM
TRANSPORT PROTEIN,4JA3
TRANSPORT PROTEIN,5IVA
TRANSPORT PROTEIN,3MD9
TRANSPORT PROTEIN,2BBT
TRANSPORT PROTEIN,1I5S
TRANSPORT PROTEIN,2B2F
TRANSPORT PROTEIN,4QTN
TRANSPORT PROTEIN,4IA4
TRANSPORT PROTEIN,4PYP
TRANSPORT PROTEIN,4EQ7
TRANSPORT PROTEIN,4DW0
TRANSPORT PROTEIN,3GJ8
TRANSPORT PROTEIN,2QFI
TRANSPORT PROTEIN,1OU9
TRANSPORT PROTEIN,1SN0
TRANSPORT PROTEIN,1SDX
TRANSPORT PROTEIN,1Y4Q
TRANSPORT PROTEIN,3AUW
TRANSPORT PROTEIN,4N91
TRANSPORT PROTEIN,5HB2
TRANSPORT PROTEIN,1Y35
TRANSPORT PROTEIN,1JKG
TRANSPORT PROTEIN,3RGM
TRANSPORT PROTEIN,4ZZB
TRANSPORT PROTEIN,3C3O
TRANSPORT PROTEIN,3ND0
TRANSPORT PROTEIN,5K2X
TRANSPORT PROTEIN,4I1D
TRANSPORT PROTEIN,3Q7K
TRANSPORT PROTEIN,4U4T
TRANSPORT PROTEIN,3C1J
TRANSPORT PROTEIN,5X7K
TRANSPORT PROTEIN,4LVQ
TRANSPORT PROTEIN,1Y83
TRANSPORT PROTEIN,3GI9
TRANSPORT PROTEIN,5OSI
TRANSPORT PROTEIN,4U8Y
TRANSPORT PROTEIN,4GPA
TRANSPORT PROTEIN,4N15
TRANSPORT PROTEIN,1Y7C
TRANSPORT PROTEIN,1NQE
TRANSPORT PROTEIN,1KW2
TRANSPORT PROTEIN,4JQ0
TRANSPORT PROTEIN,5AZ3
TRANSPORT PROTEIN,3TTM
TRANSPORT PROTEIN,3NXS
TRANSPORT PROTEIN,6BAU
TRANSPORT PROTEIN,3TQW
TRANSPORT PROTEIN,4INN
TRANSPORT PROTEIN,3KBC
TRANSPORT PROTEIN,2PYY
TRANSPORT PROTEIN,4HUK
TRANSPORT PROTEIN,3RQU
TRANSPORT PROTEIN,1PD0
TRANSPORT PROTEIN,3RBZ
TRANSPORT PROTEIN,3V08
TRANSPORT PROTEIN,1IE4
TRANSPORT PROTEIN,3JPY
TRANSPORT PROTEIN,1NKX
TRANSPORT PROTEIN,3GJ5
TRANSPORT PROTEIN,5JAG
TRANSPORT PROTEIN,5XZX
TRANSPORT PROTEIN,3UZ0
TRANSPORT PROTEIN,5C76
TRANSPORT PROTEIN,3EYW
TRANSPORT PROTEIN,4LA9
TRANSPORT PROTEIN,2D2Z
TRANSPORT PROTEIN,3QF4
TRANSPORT PROTEIN,4PP0
TRANSPORT PROTEIN,4EVS
TRANSPORT PROTEIN,3CG1
TRANSPORT PROTEIN,5B5R
TRANSPORT PROTEIN,5XJJ
TRANSPORT PROTEIN,2R5O
TRANSPORT PROTEIN,1Y4V
TRANSPORT PROTEIN,3UQ7
TRANSPORT PROTEIN,3MKR
TRANSPORT PROTEIN,1Y46
TRANSPORT PROTEIN,4F06
TRANSPORT PROTEIN,3CN6
TRANSPORT PROTEIN,3LZL
TRANSPORT PROTEIN,3HR0
TRANSPORT PROTEIN,2AKQ
TRANSPORT PROTEIN,5DA0
TRANSPORT PROTEIN,2NPC
TRANSPORT PROTEIN,2O6P
TRANSPORT PROTEIN,5B4Z
TRANSPORT PROTEIN,3HU1
TRANSPORT PROTEIN,1DK0
TRANSPORT PROTEIN,5YQQ
TRANSPORT PROTEIN,3V09
TRANSPORT PROTEIN,4NTG
TRANSPORT PROTEIN,4FI3
TRANSPORT PROTEIN,3MKT
TRANSPORT PROTEIN,2NOW
TRANSPORT PROTEIN,3H5V
TRANSPORT PROTEIN,4P2Z
TRANSPORT PROTEIN,4JLQ
TRANSPORT PROTEIN,3MD0
TRANSPORT PROTEIN,4P1L
TRANSPORT PROTEIN,2QPF
TRANSPORT PROTEIN,4OXS
TRANSPORT PROTEIN,4EVQ
TRANSPORT PROTEIN,5JHO
TRANSPORT PROTEIN,4P5W
TRANSPORT PROTEIN,3LBS
TRANSPORT PROTEIN,4N85
TRANSPORT PROTEIN,4OER
TRANSPORT PROTEIN,1T72
TRANSPORT PROTEIN,3KEI
TRANSPORT PROTEIN,3DM9
TRANSPORT PROTEIN,6BS9
TRANSPORT PROTEIN,5CFB
TRANSPORT PROTEIN,2FY8
TRANSPORT PROTEIN,4N6K
TRANSPORT PROTEIN,4PWX
TRANSPORT PROTEIN,3U11
TRANSPORT PROTEIN,2ETC
TRANSPORT PROTEIN,3WJF
TRANSPORT PROTEIN,5IV8
TRANSPORT PROTEIN,4RSM
TRANSPORT PROTEIN,3C3Q
TRANSPORT PROTEIN,3PPN
TRANSPORT PROTEIN,4N6D
TRANSPORT PROTEIN,5UJB
TRANSPORT PROTEIN,2QX5
TRANSPORT PROTEIN,2O5P
TRANSPORT PROTEIN,5L2B
TRANSPORT PROTEIN,5H8S
TRANSPORT PROTEIN,3CG3
TRANSPORT PROTEIN,4K0E
TRANSPORT PROTEIN,5HEG
TRANSPORT PROTEIN,5YIL
TRANSPORT PROTEIN,3VX4
TRANSPORT PROTEIN,3RN8
TRANSPORT PROTEIN,5L26
TRANSPORT PROTEIN,2QMR
TRANSPORT PROTEIN,2QJU
TRANSPORT PROTEIN,5WOF
TRANSPORT PROTEIN,3RGN
TRANSPORT PROTEIN,1N7W
TRANSPORT PROTEIN,3BRY
TRANSPORT PROTEIN,4ZY8
TRANSPORT PROTEIN,3QS4
TRANSPORT PROTEIN,5XU1
TRANSPORT PROTEIN,1JN5
TRANSPORT PROTEIN,3Q41
TRANSPORT PROTEIN,1OO2
TRANSPORT PROTEIN,4POW
TRANSPORT PROTEIN,3B9W
TRANSPORT PROTEIN,5C5X
TRANSPORT PROTEIN,5NKQ
TRANSPORT PROTEIN,3IBY
TRANSPORT PROTEIN,3P5N
TRANSPORT PROTEIN,5KWY
TRANSPORT PROTEIN,3M8B
TRANSPORT PROTEIN,2R73
TRANSPORT PROTEIN,2OGW
TRANSPORT PROTEIN,4NG7
TRANSPORT PROTEIN,3U64
TRANSPORT PROTEIN,3NKC
TRANSPORT PROTEIN,2I6W
TRANSPORT PROTEIN,4RA1
TRANSPORT PROTEIN,3BRZ
TRANSPORT PROTEIN,4NTI
TRANSPORT PROTEIN,4LL7
TRANSPORT PROTEIN,1XIP
TRANSPORT PROTEIN,4LTR
TRANSPORT PROTEIN,3GJ7
TRANSPORT PROTEIN,3N6V
TRANSPORT PROTEIN,1LSS
TRANSPORT PROTEIN,4I9Y
TRANSPORT PROTEIN,3RPW
TRANSPORT PROTEIN,3K01
TRANSPORT PROTEIN,4J7C
TRANSPORT PROTEIN,5OT4
TRANSPORT PROTEIN,3CVL
TRANSPORT PROTEIN,5BND
TRANSPORT PROTEIN,5HEJ
TRANSPORT PROTEIN,4EKW
TRANSPORT PROTEIN,2D4Z
TRANSPORT PROTEIN,3C3R
TRANSPORT PROTEIN,3PIK
TRANSPORT PROTEIN,4JQ5
TRANSPORT PROTEIN,4ZW9
TRANSPORT PROTEIN,4NPP
TRANSPORT PROTEIN,4NHB
TRANSPORT PROTEIN,5HEH
TRANSPORT PROTEIN,4KJR
TRANSPORT PROTEIN,1GCJ
TRANSPORT PROTEIN,5Y78
TRANSPORT PROTEIN,1T5E
TRANSPORT PROTEIN,5E4W
TRANSPORT PROTEIN,4QC2
TRANSPORT PROTEIN,3BPZ
TRANSPORT PROTEIN,1L2T
TRANSPORT PROTEIN,1U5T
TRANSPORT PROTEIN,5VDI
TRANSPORT PROTEIN,5KE1
TRANSPORT PROTEIN,1FX3
TRANSPORT PROTEIN,4M8J
TRANSPORT PROTEIN,4INP
TRANSPORT PROTEIN,3RBH
TRANSPORT PROTEIN,5L24
TRANSPORT PROTEIN,3NFT
TRANSPORT PROTEIN,2DVZ
TRANSPORT PROTEIN,3NK5
TRANSPORT PROTEIN,4NGU
TRANSPORT PROTEIN,3GJD
TRANSPORT PROTEIN,1OQG
TRANSPORT PROTEIN,5OSW
TRANSPORT PROTEIN,3KXD
TRANSPORT PROTEIN,1V43
TRANSPORT PROTEIN,3W67
TRANSPORT PROTEIN,3H94
TRANSPORT PROTEIN,1Q3E
TRANSPORT PROTEIN,2R89
TRANSPORT PROTEIN,3HSY
TRANSPORT PROTEIN,5TPZ
TRANSPORT PROTEIN,4DBL
TRANSPORT PROTEIN,3WME
TRANSPORT PROTEIN,3C1H
TRANSPORT PROTEIN,5DH9
TRANSPORT PROTEIN,4O7M
TRANSPORT PROTEIN,4PF8
TRANSPORT PROTEIN,3DH4
TRANSPORT PROTEIN,5DHF
TRANSPORT PROTEIN,6AN7
TRANSPORT PROTEIN,4JPZ
TRANSPORT PROTEIN,5YQJ
TRANSPORT PROTEIN,4M64
TRANSPORT PROTEIN,5V2Q
TRANSPORT PROTEIN,5C3L
TRANSPORT PROTEIN,5DYE
TRANSPORT PROTEIN,1Y45
TRANSPORT PROTEIN,4LS3
TRANSPORT PROTEIN,3B50
TRANSPORT PROTEIN,4M48
TRANSPORT PROTEIN,2ZZV
TRANSPORT PROTEIN,3QEL
TRANSPORT PROTEIN,3DDL
TRANSPORT PROTEIN,4NX1
TRANSPORT PROTEIN,3W9W
TRANSPORT PROTEIN,4DW1
TRANSPORT PROTEIN,5J4I
TRANSPORT PROTEIN,4P1E
TRANSPORT PROTEIN,2R55
TRANSPORT PROTEIN,4U8V
TRANSPORT PROTEIN,5B3J
TRANSPORT PROTEIN,3GQ2
TRANSPORT PROTEIN,4MRN
TRANSPORT PROTEIN,4YO3
TRANSPORT PROTEIN,2F6M
TRANSPORT PROTEIN,4HOI
TRANSPORT PROTEIN,4HKS
TRANSPORT PROTEIN,4WEP
TRANSPORT PROTEIN,4ZZA
TRANSPORT PROTEIN,1Y4R
TRANSPORT PROTEIN,2NMR
TRANSPORT PROTEIN,4FWI
TRANSPORT PROTEIN,5V2P
TRANSPORT PROTEIN,2NPE
TRANSPORT PROTEIN,1XEF
TRANSPORT PROTEIN,2R51
TRANSPORT PROTEIN,4FDD
TRANSPORT PROTEIN,5NGI
TRANSPORT PROTEIN,3FIQ
TRANSPORT PROTEIN,4MT4
TRANSPORT PROTEIN,4OMB
TRANSPORT PROTEIN,5DQF
TRANSPORT PROTEIN,4U6U
TRANSPORT PROTEIN,1I6I
TRANSPORT PROTEIN,4ZS9
TRANSPORT PROTEIN,1Q1B
TRANSPORT PROTEIN,4KMO
TRANSPORT PROTEIN,2Q3X
TRANSPORT PROTEIN,3JZA
TRANSPORT PROTEIN,3PJZ
TRANSPORT PROTEIN,4Q65
TRANSPORT PROTEIN,4QIQ
TRANSPORT PROTEIN,3WJE
TRANSPORT PROTEIN,1XQE
TRANSPORT PROTEIN,2I2R
TRANSPORT PROTEIN,4OMW
TRANSPORT PROTEIN,4P9K
TRANSPORT PROTEIN,5HKD
TRANSPORT PROTEIN,3KXC
TRANSPORT PROTEIN,5CWU
TRANSPORT PROTEIN,3P0L
TRANSPORT PROTEIN,4MNC
TRANSPORT PROTEIN,4GQ2
TRANSPORT PROTEIN,2R19
TRANSPORT PROTEIN,4IRE
TRANSPORT PROTEIN,5NS9
TRANSPORT PROTEIN,4JB0
TRANSPORT PROTEIN,5ORF
TRANSPORT PROTEIN,3L48
TRANSPORT PROTEIN,5HAY
SIGNALING PROTEIN,1XU8
SIGNALING PROTEIN,4OF5
SIGNALING PROTEIN,5TEB
SIGNALING PROTEIN,1SHZ
SIGNALING PROTEIN,2QQJ
SIGNALING PROTEIN,3P26
SIGNALING PROTEIN,1F4V
SIGNALING PROTEIN,5C5S
SIGNALING PROTEIN,1SRQ
SIGNALING PROTEIN,4EA3
SIGNALING PROTEIN,1NTY
SIGNALING PROTEIN,1Z3U
SIGNALING PROTEIN,1XSZ
SIGNALING PROTEIN,5XQ0
SIGNALING PROTEIN,4H6Y
SIGNALING PROTEIN,3G6B
SIGNALING PROTEIN,1J6W
SIGNALING PROTEIN,3C7K
SIGNALING PROTEIN,2QQO
SIGNALING PROTEIN,1TQ6
SIGNALING PROTEIN,1C03
SIGNALING PROTEIN,5XPZ
SIGNALING PROTEIN,5LU1
SIGNALING PROTEIN,6B4W
SIGNALING PROTEIN,4GZU
SIGNALING PROTEIN,5M07
SIGNALING PROTEIN,1QZX
SIGNALING PROTEIN,2E4U
SIGNALING PROTEIN,5NXS
SIGNALING PROTEIN,4S0V
SIGNALING PROTEIN,6AZR
SIGNALING PROTEIN,2O6V
SIGNALING PROTEIN,1T0J
SIGNALING PROTEIN,3KAZ
SIGNALING PROTEIN,2Z0Q
SIGNALING PROTEIN,4YMA
SIGNALING PROTEIN,2DX1
SIGNALING PROTEIN,5J11
SIGNALING PROTEIN,4U99
SIGNALING PROTEIN,3NVU
SIGNALING PROTEIN,4GW9
SIGNALING PROTEIN,1INN
SIGNALING PROTEIN,5IFS
SIGNALING PROTEIN,5UK5
SIGNALING PROTEIN,1I4T
SIGNALING PROTEIN,2QQK
SIGNALING PROTEIN,5CK3
SIGNALING PROTEIN,1XA6
SIGNALING PROTEIN,1PY4
SIGNALING PROTEIN,5GLI
SIGNALING PROTEIN,3HSM
SIGNALING PROTEIN,3I08
SIGNALING PROTEIN,1WZ9
SIGNALING PROTEIN,5NTU
SIGNALING PROTEIN,5Y39
SIGNALING PROTEIN,4FE8
SIGNALING PROTEIN,3BUK
SIGNALING PROTEIN,2OO1
SIGNALING PROTEIN,2ESC
SIGNALING PROTEIN,2ZJU
SIGNALING PROTEIN,1S1C
SIGNALING PROTEIN,2PMC
SIGNALING PROTEIN,3UDW
SIGNALING PROTEIN,5LU2
SIGNALING PROTEIN,5MYB
SIGNALING PROTEIN,1QU7
SIGNALING PROTEIN,5OHM
SIGNALING PROTEIN,5XQ1
SIGNALING PROTEIN,1T0H
SIGNALING PROTEIN,3T95
SIGNALING PROTEIN,3S94
SIGNALING PROTEIN,1DG3
SIGNALING PROTEIN,4P2Y
SIGNALING PROTEIN,4HJ4
SIGNALING PROTEIN,4R38
SIGNALING PROTEIN,5LXF
SIGNALING PROTEIN,3T1R
SIGNALING PROTEIN,3HJK
SIGNALING PROTEIN,5O5G
SIGNALING PROTEIN,4RA0
SIGNALING PROTEIN,3PQR
SIGNALING PROTEIN,4PBW
SIGNALING PROTEIN,6EO0
SIGNALING PROTEIN,4GOJ
SIGNALING PROTEIN,1R5V
SIGNALING PROTEIN,1KJY
SIGNALING PROTEIN,2IF4
SIGNALING PROTEIN,3DAD
SIGNALING PROTEIN,4H8S
SIGNALING PROTEIN,3BXJ
SIGNALING PROTEIN,3H16
SIGNALING PROTEIN,5MW7
SIGNALING PROTEIN,1OT8
SIGNALING PROTEIN,3RYT
SIGNALING PROTEIN,3KJ6
SIGNALING PROTEIN,3OL2
SIGNALING PROTEIN,3EHQ
SIGNALING PROTEIN,1F5M
SIGNALING PROTEIN,4N7Y
SIGNALING PROTEIN,1TJY
SIGNALING PROTEIN,1U4H
SIGNALING PROTEIN,3BRE
SIGNALING PROTEIN,5M06
SIGNALING PROTEIN,3UJL
SIGNALING PROTEIN,1SUJ
SIGNALING PROTEIN,4RCW
SIGNALING PROTEIN,2FGT
SIGNALING PROTEIN,3ONW
SIGNALING PROTEIN,3LY8
SIGNALING PROTEIN,4NFU
SIGNALING PROTEIN,3AFC
SIGNALING PROTEIN,5BO4
SIGNALING PROTEIN,5VAQ
SIGNALING PROTEIN,5X83
SIGNALING PROTEIN,4HI4
SIGNALING PROTEIN,4M8M
SIGNALING PROTEIN,3VN2
SIGNALING PROTEIN,2HJD
SIGNALING PROTEIN,5HJN
SIGNALING PROTEIN,4TNB
SIGNALING PROTEIN,2H0Q
SIGNALING PROTEIN,1F35
SIGNALING PROTEIN,4HJ6
SIGNALING PROTEIN,5KU7
SIGNALING PROTEIN,2R4S
SIGNALING PROTEIN,2DSZ
SIGNALING PROTEIN,5UQC
SIGNALING PROTEIN,3RFH
SIGNALING PROTEIN,5XPY
SIGNALING PROTEIN,4Y32
SIGNALING PROTEIN,1TPZ
SIGNALING PROTEIN,5Y3A
SIGNALING PROTEIN,2PZ1
SIGNALING PROTEIN,2IEZ
SIGNALING PROTEIN,4YLG
SIGNALING PROTEIN,3A7Q
SIGNALING PROTEIN,1RJ2
SIGNALING PROTEIN,1U7F
SIGNALING PROTEIN,3REF
SIGNALING PROTEIN,1QSC
SIGNALING PROTEIN,1FQJ
SIGNALING PROTEIN,3BH6
SIGNALING PROTEIN,2II7
SIGNALING PROTEIN,1TXD
SIGNALING PROTEIN,5HLZ
SIGNALING PROTEIN,1Z3S
SIGNALING PROTEIN,4JQI
SIGNALING PROTEIN,4MQE
SIGNALING PROTEIN,1JJO
SIGNALING PROTEIN,1B9X
SIGNALING PROTEIN,5Y3B
SIGNALING PROTEIN,5LLY
SIGNALING PROTEIN,4F11
SIGNALING PROTEIN,3UGX
SIGNALING PROTEIN,5LSG
SIGNALING PROTEIN,3HO5
SIGNALING PROTEIN,1I49
SIGNALING PROTEIN,4U7L
SIGNALING PROTEIN,1Z2C
SIGNALING PROTEIN,1U3C
SIGNALING PROTEIN,4GYV
SIGNALING PROTEIN,3C2W
SIGNALING PROTEIN,1G4U
SIGNALING PROTEIN,4MSL
SIGNALING PROTEIN,3TFF
SIGNALING PROTEIN,2GY7
SIGNALING PROTEIN,3Q7G
SIGNALING PROTEIN,3NVR
SIGNALING PROTEIN,5M09
SIGNALING PROTEIN,4GN1
SIGNALING PROTEIN,3I5B
SIGNALING PROTEIN,3PWH
SIGNALING PROTEIN,5L8I
SIGNALING PROTEIN,4M8N
SIGNALING PROTEIN,2OTX
SIGNALING PROTEIN,1NF3
SIGNALING PROTEIN,5HCV
SIGNALING PROTEIN,1LV0
SIGNALING PROTEIN,1U7V
SIGNALING PROTEIN,3LID
SIGNALING PROTEIN,1XHM
SIGNALING PROTEIN,3MHY
SIGNALING PROTEIN,6EQS
SIGNALING PROTEIN,5DBK
SIGNALING PROTEIN,4RSW
SIGNALING PROTEIN,4K0D
SIGNALING PROTEIN,4JGW
SIGNALING PROTEIN,5B26
SIGNALING PROTEIN,4LP4
SIGNALING PROTEIN,3LIF
SIGNALING PROTEIN,5DHG
SIGNALING PROTEIN,5JD0
SIGNALING PROTEIN,1QSP
SIGNALING PROTEIN,3F6K
SIGNALING PROTEIN,4MF3
SIGNALING PROTEIN,3OKT
SIGNALING PROTEIN,5CDW
SIGNALING PROTEIN,4ETZ
SIGNALING PROTEIN,5IXO
SIGNALING PROTEIN,2HT6
SIGNALING PROTEIN,2B0U
SIGNALING PROTEIN,4QQV
SIGNALING PROTEIN,5BPB
SIGNALING PROTEIN,2R09
SIGNALING PROTEIN,3EG5
SIGNALING PROTEIN,3Q8G
SIGNALING PROTEIN,3HZH
SIGNALING PROTEIN,3Q85
SIGNALING PROTEIN,3I5A
SIGNALING PROTEIN,4WW3
SIGNALING PROTEIN,5N7E
SIGNALING PROTEIN,5N7G
SIGNALING PROTEIN,5N7D
SIGNALING PROTEIN,1YOV
SIGNALING PROTEIN,3B74
SIGNALING PROTEIN,2FU5
SIGNALING PROTEIN,3VG9
SIGNALING PROTEIN,1DS6
SIGNALING PROTEIN,5JZ7
SIGNALING PROTEIN,1G85
SIGNALING PROTEIN,2PBI
SIGNALING PROTEIN,4YDH
SIGNALING PROTEIN,1NVU
SIGNALING PROTEIN,3S1K
SIGNALING PROTEIN,3ULF
SIGNALING PROTEIN,4YC7
SIGNALING PROTEIN,3TH5
SIGNALING PROTEIN,3SW1
SIGNALING PROTEIN,1M9S
SIGNALING PROTEIN,4DLO
SIGNALING PROTEIN,1I7A
SIGNALING PROTEIN,4WNR
SIGNALING PROTEIN,3DJ3
SIGNALING PROTEIN,5E4E
SIGNALING PROTEIN,5M08
SIGNALING PROTEIN,1KZG
SIGNALING PROTEIN,4NYI
SIGNALING PROTEIN,3KZ1
SIGNALING PROTEIN,4MX3
SIGNALING PROTEIN,3OEO
SIGNALING PROTEIN,5UIW
SIGNALING PROTEIN,4JHR
SIGNALING PROTEIN,4N1K
SIGNALING PROTEIN,2IF0
SIGNALING PROTEIN,2BAS
SIGNALING PROTEIN,3SLA
SIGNALING PROTEIN,5JP2
SIGNALING PROTEIN,4Y0V
SIGNALING PROTEIN,2PK0
SIGNALING PROTEIN,1J6X
SIGNALING PROTEIN,1YFQ
SIGNALING PROTEIN,1I4D
SIGNALING PROTEIN,2PI6
SIGNALING PROTEIN,5O0K
SIGNALING PROTEIN,1QDV
SIGNALING PROTEIN,1NVV
SIGNALING PROTEIN,3TFG
SIGNALING PROTEIN,3DPU
SIGNALING PROTEIN,1FX7
SIGNALING PROTEIN,3RIZ
SIGNALING PROTEIN,3IS2
SIGNALING PROTEIN,3SEK
SIGNALING PROTEIN,5VAK
SIGNALING PROTEIN,2RIW
SIGNALING PROTEIN,3TEQ
SIGNALING PROTEIN,5L5K
SIGNALING PROTEIN,3MBK
SIGNALING PROTEIN,1U8Y
SIGNALING PROTEIN,2QMS
SIGNALING PROTEIN,3UGU
SIGNALING PROTEIN,3UCR
SIGNALING PROTEIN,3T06
SIGNALING PROTEIN,1DEV
SIGNALING PROTEIN,1LJY
SIGNALING PROTEIN,4M4E
SIGNALING PROTEIN,5VE6
SIGNALING PROTEIN,5C4V
SIGNALING PROTEIN,1FT4
SIGNALING PROTEIN,1M7E
SIGNALING PROTEIN,5W1J
SIGNALING PROTEIN,5FBH
SIGNALING PROTEIN,1C1Z
SIGNALING PROTEIN,5EF5
SIGNALING PROTEIN,4S21
SIGNALING PROTEIN,4GOK
SIGNALING PROTEIN,4RCA
SIGNALING PROTEIN,3S2K
SIGNALING PROTEIN,3E6Y
SIGNALING PROTEIN,1IAQ
SIGNALING PROTEIN,4P4H
SIGNALING PROTEIN,3LIB
SIGNALING PROTEIN,1MI1
SIGNALING PROTEIN,3EJW
SIGNALING PROTEIN,1KCX
SIGNALING PROTEIN,2II0
SIGNALING PROTEIN,3HJI
SIGNALING PROTEIN,5VAN
SIGNALING PROTEIN,2PKD
SIGNALING PROTEIN,5IZQ
SIGNALING PROTEIN,4FL5
SIGNALING PROTEIN,2ZIY
SIGNALING PROTEIN,5I2C
SIGNALING PROTEIN,5W0P
SIGNALING PROTEIN,5IXT
SIGNALING PROTEIN,1QDW
SIGNALING PROTEIN,3TFD
SIGNALING PROTEIN,2P1M
SIGNALING PROTEIN,4GZA
SIGNALING PROTEIN,2O09
SIGNALING PROTEIN,2ZET
SIGNALING PROTEIN,2IEY
SIGNALING PROTEIN,5HZW
SIGNALING PROTEIN,4DOH
SIGNALING PROTEIN,5EE7
SIGNALING PROTEIN,3UJ0
SIGNALING PROTEIN,1XA1
SIGNALING PROTEIN,4KZG
SIGNALING PROTEIN,1R5W
SIGNALING PROTEIN,4OUL
SIGNALING PROTEIN,5VI4
SIGNALING PROTEIN,1ZC3
SIGNALING PROTEIN,4LPK
SIGNALING PROTEIN,4MY2
SIGNALING PROTEIN,5DJ4
SIGNALING PROTEIN,3BP5
SIGNALING PROTEIN,3UJG
SIGNALING PROTEIN,4F0A
SIGNALING PROTEIN,3VV4
SIGNALING PROTEIN,4MIT
SIGNALING PROTEIN,1EWK
SIGNALING PROTEIN,4IJG
SIGNALING PROTEIN,1JX6
SIGNALING PROTEIN,2F9Z
SIGNALING PROTEIN,3IM5
SIGNALING PROTEIN,3S8V
SIGNALING PROTEIN,5M1T
SIGNALING PROTEIN,1OR4
SIGNALING PROTEIN,1Y1U
SIGNALING PROTEIN,4GOU
SIGNALING PROTEIN,4F48
SIGNALING PROTEIN,3LAH
SIGNALING PROTEIN,5L0O
SIGNALING PROTEIN,3RFG
SIGNALING PROTEIN,2HZ6
SIGNALING PROTEIN,3LNX
SIGNALING PROTEIN,5JG4
SIGNALING PROTEIN,5LI3
SIGNALING PROTEIN,1KI1
SIGNALING PROTEIN,4R70
SIGNALING PROTEIN,3SG0
SIGNALING PROTEIN,3ADR
SIGNALING PROTEIN,4F7R
SIGNALING PROTEIN,2H7O
SIGNALING PROTEIN,5C9V
SIGNALING PROTEIN,5LNP
SIGNALING PROTEIN,2H7V
SIGNALING PROTEIN,4OM7
SIGNALING PROTEIN,4E98
SIGNALING PROTEIN,3TWQ
SIGNALING PROTEIN,5IYX
SIGNALING PROTEIN,1ZHH
SIGNALING PROTEIN,5I04
SIGNALING PROTEIN,1UL3
SIGNALING PROTEIN,2GTP
SIGNALING PROTEIN,3HK0
SIGNALING PROTEIN,4PBV
SIGNALING PROTEIN,1V9Y
SIGNALING PROTEIN,3TVD
SIGNALING PROTEIN,3OKW
SIGNALING PROTEIN,3QI2
SIGNALING PROTEIN,5D3E
SIGNALING PROTEIN,1ZCB
SIGNALING PROTEIN,2QQM
SIGNALING PROTEIN,3AU3
SIGNALING PROTEIN,3TUF
SIGNALING PROTEIN,3HW2
SIGNALING PROTEIN,5IYV
SIGNALING PROTEIN,4ZJ8
SIGNALING PROTEIN,5D68
SIGNALING PROTEIN,5HZK
SIGNALING PROTEIN,5LC4
SIGNALING PROTEIN,4KFW
SIGNALING PROTEIN,2BAP
SIGNALING PROTEIN,5WB7
SIGNALING PROTEIN,3DQB
SIGNALING PROTEIN,3WTH
SIGNALING PROTEIN,1N99
SIGNALING PROTEIN,3DIT
SIGNALING PROTEIN,2DPE
SIGNALING PROTEIN,5MMQ
SIGNALING PROTEIN,4LCT
SIGNALING PROTEIN,4Y5I
SIGNALING PROTEIN,5MVX
SIGNALING PROTEIN,4LP5
SIGNALING PROTEIN,5TLA
SIGNALING PROTEIN,4MBS
SIGNALING PROTEIN,4K8U
SIGNALING PROTEIN,5W1L
SIGNALING PROTEIN,3QR5
SIGNALING PROTEIN,5HZV
SIGNALING PROTEIN,5DN2
SIGNALING PROTEIN,4NQI
SIGNALING PROTEIN,1Y3A
SIGNALING PROTEIN,2QDL
SIGNALING PROTEIN,4OR2
SIGNALING PROTEIN,5BY9
SIGNALING PROTEIN,4YBH
SIGNALING PROTEIN,4HJ3
SIGNALING PROTEIN,3T5D
SIGNALING PROTEIN,2I6F
SIGNALING PROTEIN,5WB8
SIGNALING PROTEIN,3FRX
SIGNALING PROTEIN,3SEN
SIGNALING PROTEIN,5N6N
SIGNALING PROTEIN,2O9O
SIGNALING PROTEIN,3T9Z
SIGNALING PROTEIN,2E4Z
SIGNALING PROTEIN,4N1J
SIGNALING PROTEIN,3A8P
SIGNALING PROTEIN,5TWF
SIGNALING PROTEIN,3KB3
SIGNALING PROTEIN,3FFA
SIGNALING PROTEIN,1YVL
SIGNALING PROTEIN,1ZC4
SIGNALING PROTEIN,5FI1
SIGNALING PROTEIN,4HYN
SIGNALING PROTEIN,4K2P
SIGNALING PROTEIN,3E6U
SIGNALING PROTEIN,5TUD
SIGNALING PROTEIN,4ZHV
SIGNALING PROTEIN,4DQD
SIGNALING PROTEIN,2D4Q
SIGNALING PROTEIN,5XR8
SIGNALING PROTEIN,3P2D
SIGNALING PROTEIN,5NIN
SIGNALING PROTEIN,1L9H
SIGNALING PROTEIN,1XDV
SIGNALING PROTEIN,5T1A
SIGNALING PROTEIN,4X5T
SIGNALING PROTEIN,2E26
SIGNALING PROTEIN,5HKJ
SIGNALING PROTEIN,1LB1
SIGNALING PROTEIN,2P1N
SIGNALING PROTEIN,1Q9C
SIGNALING PROTEIN,3P0U
SIGNALING PROTEIN,1TQ4
SIGNALING PROTEIN,3HN8
SIGNALING PROTEIN,2R0D
SIGNALING PROTEIN,3TX6
SIGNALING PROTEIN,2IK8
SIGNALING PROTEIN,1F88
SIGNALING PROTEIN,1JSY
SIGNALING PROTEIN,1IMV
SIGNALING PROTEIN,2P4B
SIGNALING PROTEIN,2G83
SIGNALING PROTEIN,3HGM
SIGNALING PROTEIN,5B4W
SIGNALING PROTEIN,5HLO
SIGNALING PROTEIN,3DPT
SIGNALING PROTEIN,5MN0
SIGNALING PROTEIN,1UFL
SIGNALING PROTEIN,1MR1
SIGNALING PROTEIN,3HLS
SIGNALING PROTEIN,5IFW
SIGNALING PROTEIN,4EUK
SIGNALING PROTEIN,5J5C
SIGNALING PROTEIN,2QBX
SIGNALING PROTEIN,4ZWJ
SIGNALING PROTEIN,5L56
SIGNALING PROTEIN,1KZ7
SIGNALING PROTEIN,5NTI
SIGNALING PROTEIN,5KHO
SIGNALING PROTEIN,3BJI
SIGNALING PROTEIN,4L9M
SIGNALING PROTEIN,3OS8
SIGNALING PROTEIN,4FRY
SIGNALING PROTEIN,4LRW
SIGNALING PROTEIN,3IO4
SIGNALING PROTEIN,3D7M
SIGNALING PROTEIN,1CM0
SIGNALING PROTEIN,3KAY
SIGNALING PROTEIN,5OPE
SIGNALING PROTEIN,5LP0
SIGNALING PROTEIN,4R6L
SIGNALING PROTEIN,1WN0
SIGNALING PROTEIN,3EFZ
SIGNALING PROTEIN,4Y7O
SIGNALING PROTEIN,5MWF
SIGNALING PROTEIN,5UNF
SIGNALING PROTEIN,3CVF
SIGNALING PROTEIN,4GAF
SIGNALING PROTEIN,2P6A
SIGNALING PROTEIN,1WKO
SIGNALING PROTEIN,3QE0
SIGNALING PROTEIN,3CX7
SIGNALING PROTEIN,1P22
SIGNALING PROTEIN,4MQW
SIGNALING PROTEIN,1M1L
SIGNALING PROTEIN,1JDP
SIGNALING PROTEIN,4O9B
LIGASE,2GRR
LIGASE,4P0B
LIGASE,1O5T
LIGASE,3FGN
LIGASE,1RY2
LIGASE,4EGJ
LIGASE,4FE2
LIGASE,1UDZ
LIGASE,5FIF
LIGASE,2FPI
LIGASE,3A9U
LIGASE,1TAE
LIGASE,4EG0
LIGASE,2QYU
LIGASE,2DYT
LIGASE,2HRA
LIGASE,2D3A
LIGASE,1DV2
LIGASE,1U7D
LIGASE,3OQH
LIGASE,3E53
LIGASE,2HS0
LIGASE,1D2R
LIGASE,2OLA
LIGASE,3HB9
LIGASE,2HZ7
LIGASE,3QE4
LIGASE,4O89
LIGASE,1V4P
LIGASE,4II3
LIGASE,3HRI
LIGASE,5I6E
LIGASE,4TRG
LIGASE,1T3T
LIGASE,5NFH
LIGASE,4OP0
LIGASE,1IYW
LIGASE,2ZVF
LIGASE,3HO8
LIGASE,1ULT
LIGASE,5V59
LIGASE,1JZQ
LIGASE,5J7F
LIGASE,3AG5
LIGASE,1C4Z
LIGASE,2E41
LIGASE,4WF2
LIGASE,2ZTG
LIGASE,2G36
LIGASE,3I7F
LIGASE,4WZ2
LIGASE,5I6G
LIGASE,4OYK
LIGASE,5IE2
LIGASE,5HPS
LIGASE,4HJR
LIGASE,4QSL
LIGASE,3DLA
LIGASE,3CMQ
LIGASE,3KYC
LIGASE,4Y07
LIGASE,4GXR
LIGASE,3N8D
LIGASE,1ULH
LIGASE,3C8Z
LIGASE,5MLK
LIGASE,2NU7
LIGASE,1ZH6
LIGASE,1T36
LIGASE,5O76
LIGASE,3QNE
LIGASE,1U7X
LIGASE,1DV1
LIGASE,1Y8Q
LIGASE,3H0L
LIGASE,4NCX
LIGASE,1WYD
LIGASE,5HPL
LIGASE,1VCM
LIGASE,1UE0
LIGASE,3DHV
LIGASE,2CYX
LIGASE,2ZNJ
LIGASE,1U6G
LIGASE,4GR5
LIGASE,5CS4
LIGASE,3NY2
LIGASE,3PZ6
LIGASE,3JRW
LIGASE,2ODR
LIGASE,1TA8
LIGASE,3D54
LIGASE,4W9C
LIGASE,3G06
LIGASE,1RIQ
LIGASE,4PBR
LIGASE,1QE0
LIGASE,4DQV
LIGASE,4XX0
LIGASE,1X8X
LIGASE,1VBM
LIGASE,3RG2
LIGASE,4X5O
LIGASE,1JBB
LIGASE,5VMD
LIGASE,4EX8
LIGASE,1B70
LIGASE,1EE1
LIGASE,4EBR
LIGASE,1GG4
LIGASE,4F4H
LIGASE,4EAT
LIGASE,2P2J
LIGASE,1VBN
LIGASE,2PHN
LIGASE,2GC6
LIGASE,2YRW
LIGASE,5UJI
LIGASE,2GQR
LIGASE,3ITE
LIGASE,2P2Q
LIGASE,1FP7
LIGASE,3FOC
LIGASE,4ZQI
LIGASE,4MV1
LIGASE,2QGX
LIGASE,3B7W
LIGASE,1EQR
LIGASE,5TTE
LIGASE,1NYQ
LIGASE,3UFX
LIGASE,1M6V
LIGASE,1VS0
LIGASE,4IWX
LIGASE,3FCC
LIGASE,5AVM
LIGASE,5XMC
LIGASE,4XIB
LIGASE,4EPL
LIGASE,4GRI
LIGASE,3RUP
LIGASE,3WNZ
LIGASE,3TQT
LIGASE,4WZ3
LIGASE,4IS4
LIGASE,1RQG
LIGASE,3K3P
LIGASE,2GRO
LIGASE,2PZ8
LIGASE,5H4V
LIGASE,2GCA
LIGASE,2AKW
LIGASE,4I1F
LIGASE,4ZFI
LIGASE,3EVX
LIGASE,4DQ2
LIGASE,3VBB
LIGASE,4FU0
LIGASE,3PRH
LIGASE,5DYQ
LIGASE,4GXQ
LIGASE,3HZR
LIGASE,2F00
LIGASE,3PZ5
LIGASE,4H2S
LIGASE,4QPL
LIGASE,1FQV
LIGASE,4IZ6
LIGASE,1P31
LIGASE,4ONL
LIGASE,3L2Z
LIGASE,4OXI
LIGASE,3U9S
LIGASE,4QF5
LIGASE,5BUQ
LIGASE,2ZKG
LIGASE,1I7K
LIGASE,4FFL
LIGASE,3N9B
LIGASE,5C1Z
LIGASE,1LDJ
LIGASE,3W1S
LIGASE,3GID
LIGASE,2QMX
LIGASE,3SIQ
LIGASE,3RV4
LIGASE,2GRN
LIGASE,2BAY
LIGASE,3N2Y
LIGASE,4FUT
LIGASE,2NUA
LIGASE,1J09
LIGASE,1Z7L
LIGASE,5JJP
LIGASE,2NU8
LIGASE,3I05
LIGASE,3R44
LIGASE,1P7P
LIGASE,3IUB
LIGASE,1I6K
LIGASE,1F52
LIGASE,5L9W
LIGASE,1R6U
LIGASE,5JA1
LIGASE,3KFL
LIGASE,5L6H
LIGASE,3IAL
LIGASE,4RCN
LIGASE,4RLF
LIGASE,1WK8
LIGASE,2P2B
LIGASE,4H02
LIGASE,1VK3
LIGASE,1HTO
LIGASE,3KGD
LIGASE,3ONG
LIGASE,3HWJ
LIGASE,1CT9
LIGASE,1ZH0
LIGASE,1M0T
LIGASE,3FKY
LIGASE,3T5A
LIGASE,4NR3
LIGASE,1EVK
LIGASE,1N3L
LIGASE,3VIU
LIGASE,4L87
LIGASE,1CQJ
LIGASE,4DG8
LIGASE,4ND6
LIGASE,1P9O
LIGASE,2QUH
LIGASE,3SE7
LIGASE,5KNN
LIGASE,1YLA
LIGASE,5J3X
LIGASE,3P8T
LIGASE,1IWE
LIGASE,5I33
LIGASE,3BG9
LIGASE,5FER
LIGASE,1IHO
LIGASE,1DJ2
LIGASE,2P2F
LIGASE,1NE9
LIGASE,1Y42
LIGASE,3COV
LIGASE,1JLL
LIGASE,2GRQ
LIGASE,3DSQ
LIGASE,5JJQ
LIGASE,1ZTB
LIGASE,4LNF
LIGASE,1ZAU
LIGASE,4ZDK
LIGASE,2RHS
LIGASE,2NZ2
LIGASE,4ND7
LIGASE,3NAW
LIGASE,2QK4
LIGASE,4NRI
LIGASE,1R8G
LIGASE,5KEI
LIGASE,2I4L
LIGASE,3JSN
LIGASE,4OXC
LIGASE,2QIZ
LIGASE,2GPW
LIGASE,4II2
LIGASE,4ME6
LIGASE,4L78
LIGASE,3KXW
LIGASE,1X54
LIGASE,4TSE
LIGASE,1T5D
LIGASE,3WV4
LIGASE,5JRH
LIGASE,1ZVD
LIGASE,3SP1
LIGASE,3VGJ
LIGASE,4KQE
LIGASE,4U5Y
LIGASE,3NYQ
LIGASE,3MFM
LIGASE,3UGQ
LIGASE,5CSK
LIGASE,3RR5
LIGASE,1JKJ
LIGASE,2E31
LIGASE,3G8D
LIGASE,3T7E
LIGASE,1P9B
LIGASE,1Z56
LIGASE,5JLD
LIGASE,3VOT
LIGASE,3HBL
LIGASE,5CSA
LIGASE,3MLE
LIGASE,2GCB
LIGASE,3HRK
LIGASE,4P71
LIGASE,1JW9
LIGASE,5N4W
LIGASE,2QVZ
LIGASE,3O6X
LIGASE,2G9I
LIGASE,4RDH
LIGASE,2GC5
LIGASE,3WO1
LIGASE,3T7H
LIGASE,2AJG
LIGASE,4NRG
LIGASE,1WLE
LIGASE,2FLU
LIGASE,3E7W
LIGASE,3RPG
LIGASE,1WNL
LIGASE,4RRF
LIGASE,3LWB
LIGASE,4K7D
LIGASE,2AG6
LIGASE,2P2M
LIGASE,2RHQ
LIGASE,3FF6
LIGASE,3WDK
LIGASE,4HQ6
LIGASE,4NKH
LIGASE,3VGO
LIGASE,4RVZ
LIGASE,3T5B
LIGASE,2AN6
LIGASE,3VPB
LIGASE,3BG3
LIGASE,4ZYN
LIGASE,3AFH
LIGASE,2CYB
LIGASE,5B0N
LIGASE,3TQI
LIGASE,4G37
LIGASE,4OYJ
LIGASE,3TV5
LIGASE,4L1K
LIGASE,4DWR
LIGASE,3M5W
LIGASE,5X8F
LIGASE,4YE9
LIGASE,4LNS
LIGASE,1Z5S
LIGASE,2P20
LIGASE,3WSO
LIGASE,4H2W
LIGASE,4G84
LIGASE,3PCO
LIGASE,2GPS
LIGASE,4M1N
LIGASE,3DAM
LIGASE,3O2U
LIGASE,4DLP
LIGASE,2HRU
LIGASE,3PZ0
LIGASE,2DXU
LIGASE,2QVX
LIGASE,4JFA
LIGASE,3H1D
LIGASE,3D6U
LIGASE,1ZDN
LIGASE,2A4M
LIGASE,5KS8
LIGASE,3BG5
LIGASE,5IKL
LIGASE,4JGH
LIGASE,3UE9
LIGASE,2CXI
LIGASE,5OE3
LIGASE,3KAJ
LIGASE,5DYV
LIGASE,4YE6
LIGASE,1XNW
LIGASE,4O2D
LIGASE,5KOD
LIGASE,2DF4
LIGASE,5CS0
LIGASE,1LI5
LIGASE,2IP1
LIGASE,1R6T
LIGASE,3K1L
LIGASE,1V4G
LIGASE,3EFS
LIGASE,2PVP
LIGASE,4WNK
LIGASE,2GWC
LIGASE,1EEH
LIGASE,1JII
LIGASE,1IRX
LIGASE,2IP4
LIGASE,2FB9
LIGASE,4TWA
LIGASE,4HPP
LIGASE,3AII
LIGASE,5BSR
LIGASE,1WKB
LIGASE,1NJ1
LIGASE,3E9H
LIGASE,4OBY
LIGASE,3VA7
LIGASE,4P0A
LIGASE,2OXQ
LIGASE,4R7G
LIGASE,1KJX
LIGASE,5EY9
LIGASE,5JM7
LIGASE,2Z01
LIGASE,4GR4
LIGASE,3JZF
LIGASE,3VPD
LIGASE,4GY5
LIGASE,3GDE
LIGASE,4YE8
LIGASE,1CS0
LIGASE,3GUZ
LIGASE,5I6F
LIGASE,1WQ4
LIGASE,3BUM
LIGASE,5COU
LIGASE,3A31
LIGASE,5BSW
LIGASE,2NU6
LIGASE,1WNY
LIGASE,3L4G
LIGASE,3A5Y
LIGASE,1PG3
LIGASE,4I1H
LIGASE,1MOP
LIGASE,1J1Z
LIGASE,4K86
LIGASE,3HV0
LIGASE,3RUI
LIGASE,2QZA
LIGASE,2DQ0
LIGASE,1IQ0
LIGASE,4WIO
LIGASE,3CVR
LIGASE,3H9C
LIGASE,4EPM
LIGASE,3KT0
LIGASE,4K95
LIGASE,2HJW
LIGASE,4G85
LIGASE,5C23
LIGASE,2DZD
LIGASE,1Q9J
LIGASE,2DU7
LIGASE,2CYA
LIGASE,5L7P
LIGASE,1DJ3
LIGASE,3RTR
LIGASE,3U54
LIGASE,1QQT
LIGASE,3N8H
LIGASE,1EOV
LIGASE,2GRP
LIGASE,1K92
LIGASE,4EQ5
LIGASE,2PXH
LIGASE,4ZDI
LIGASE,3A5Z
LIGASE,4IOJ
LIGASE,3IVQ
LIGASE,1NJ8
LIGASE,5DOT
LIGASE,3T7G
LIGASE,3DLP
LIGASE,2Z5D
LIGASE,2ZZE
LIGASE,3MEY
LIGASE,5IG9
LIGASE,3G1Z
LIGASE,5T8U
LIGASE,4R0M
LIGASE,4Q2T
LIGASE,5WZZ
LIGASE,3NVA
LIGASE,3UK2
LIGASE,3HXU
LIGASE,4XI1
LIGASE,4OUD
LIGASE,2R7K
LIGASE,2HIV
LIGASE,1LDK
LIGASE,3A7A
LIGASE,4H3S
LIGASE,2Q5I
LIGASE,4WD3
LIGASE,3OLM
LIGASE,3H97
LIGASE,1XNG
LIGASE,1NTG
LIGASE,4G6Z
LIGASE,1C30
LIGASE,5H80
ISOMERASE,1P5Q
ISOMERASE,1OU0
ISOMERASE,3IPT
ISOMERASE,4U8J
ISOMERASE,2FKM
ISOMERASE,5XD7
ISOMERASE,1X74
ISOMERASE,1PVW
ISOMERASE,1XQK
ISOMERASE,4LAV
ISOMERASE,1X83
ISOMERASE,4EUI
ISOMERASE,1Z45
ISOMERASE,1NS2
ISOMERASE,2I54
ISOMERASE,1EJJ
ISOMERASE,3PH3
ISOMERASE,1SQ7
ISOMERASE,1DKW
ISOMERASE,1SG4
ISOMERASE,3VNK
ISOMERASE,3DEQ
ISOMERASE,4YWI
ISOMERASE,2ZBL
ISOMERASE,3JXV
ISOMERASE,4PCF
ISOMERASE,4OS3
ISOMERASE,4DDT
ISOMERASE,4RSE
ISOMERASE,2DX7
ISOMERASE,4ILF
ISOMERASE,5EQF
ISOMERASE,1IHG
ISOMERASE,4NZ7
ISOMERASE,1TQJ
ISOMERASE,1OMS
ISOMERASE,2A2N
ISOMERASE,4E8G
ISOMERASE,1PM7
ISOMERASE,1D3Y
ISOMERASE,1NSX
ISOMERASE,5EPC
ISOMERASE,4FPI
ISOMERASE,5I3J
ISOMERASE,1NN4
ISOMERASE,4WUB
ISOMERASE,3SWX
ISOMERASE,1Q6H
ISOMERASE,2ZBK
ISOMERASE,3BKQ
ISOMERASE,4G3N
ISOMERASE,3B8V
ISOMERASE,5M4D
ISOMERASE,4DYJ
ISOMERASE,3TWZ
ISOMERASE,2HK0
ISOMERASE,1NS8
ISOMERASE,4LXF
ISOMERASE,4EYV
ISOMERASE,3KW3
ISOMERASE,1LKZ
ISOMERASE,4Y96
ISOMERASE,3N4A
ISOMERASE,3UW2
ISOMERASE,4P61
ISOMERASE,5HJ7
ISOMERASE,3KMH
ISOMERASE,4GGB
ISOMERASE,1EI1
ISOMERASE,3UN5
ISOMERASE,5HUQ
ISOMERASE,3P14
ISOMERASE,3OVP
ISOMERASE,1P0K
ISOMERASE,1NXM
ISOMERASE,2GGG
ISOMERASE,2Q2E
ISOMERASE,5NH4
ISOMERASE,1NU5
ISOMERASE,4GMK
ISOMERASE,3IFZ
ISOMERASE,1ZVT
ISOMERASE,1SW0
ISOMERASE,2G04
ISOMERASE,1NSU
ISOMERASE,2HP3
ISOMERASE,4ZRM
ISOMERASE,1NEY
ISOMERASE,5D5H
ISOMERASE,1MU5
ISOMERASE,3AU8
ISOMERASE,3E5P
ISOMERASE,2A5H
ISOMERASE,1Q50
ISOMERASE,3RSM
ISOMERASE,2GML
ISOMERASE,1IYH
ISOMERASE,5M4B
ISOMERASE,3UKQ
ISOMERASE,1CY0
ISOMERASE,1EK5
ISOMERASE,3M0H
ISOMERASE,1HX3
ISOMERASE,4EVG
ISOMERASE,5XD9
ISOMERASE,3FSN
ISOMERASE,1Q54
ISOMERASE,5W3K
ISOMERASE,2CSB
ISOMERASE,2GZ6
ISOMERASE,4ZDB
ISOMERASE,3FQ7
ISOMERASE,5EYW
ISOMERASE,1FQO
ISOMERASE,3SXP
ISOMERASE,4ZDE
ISOMERASE,4DOI
ISOMERASE,5YKB
ISOMERASE,1F6D
ISOMERASE,4DZA
ISOMERASE,1JOF
ISOMERASE,1LK5
ISOMERASE,5H2G
ISOMERASE,1K35
ISOMERASE,1R0M
ISOMERASE,2OHO
ISOMERASE,4PW2
ISOMERASE,3QD5
ISOMERASE,4IL8
ISOMERASE,6AQJ
ISOMERASE,4L7K
ISOMERASE,4ECL
ISOMERASE,4Y9A
ISOMERASE,3S46
ISOMERASE,2DIO
ISOMERASE,3UC1
ISOMERASE,3TA6
ISOMERASE,4IK0
ISOMERASE,1NFS
ISOMERASE,5TR2
ISOMERASE,5NJX
ISOMERASE,2FEL
ISOMERASE,4HHM
ISOMERASE,1VAI
ISOMERASE,4HOW
ISOMERASE,3CT2
ISOMERASE,4HOZ
ISOMERASE,2PMQ
ISOMERASE,4FQ5
ISOMERASE,3Q45
ISOMERASE,5HSH
ISOMERASE,4GO9
ISOMERASE,5M46
ISOMERASE,5JXZ
ISOMERASE,4OS0
ISOMERASE,3UXK
ISOMERASE,4Q7I
ISOMERASE,1G0T
ISOMERASE,5CLN
ISOMERASE,1LRJ
ISOMERASE,3GBD
ISOMERASE,3M9Y
ISOMERASE,4GIN
ISOMERASE,3KRS
ISOMERASE,3NA5
ISOMERASE,4ZZ9
ISOMERASE,4Z0S
ISOMERASE,1I45
ISOMERASE,4WF7
ISOMERASE,1JX0
ISOMERASE,3VYL
ISOMERASE,2NOV
ISOMERASE,2HP0
ISOMERASE,2ZJT
ISOMERASE,3SLL
ISOMERASE,2CVP
ISOMERASE,1VGA
ISOMERASE,4LUY
ISOMERASE,4HPH
ISOMERASE,2GGJ
ISOMERASE,1IRI
ISOMERASE,1T8P
ISOMERASE,3RFY
ISOMERASE,2GGI
ISOMERASE,3UKK
ISOMERASE,3EC3
ISOMERASE,1LRK
ISOMERASE,5GVC
ISOMERASE,1I3K
ISOMERASE,1FP3
ISOMERASE,3EZN
ISOMERASE,1N1B
ISOMERASE,3HMK
ISOMERASE,3M0V
ISOMERASE,4YXG
ISOMERASE,4XSL
ISOMERASE,4TW5
ISOMERASE,5BMN
ISOMERASE,1R2R
ISOMERASE,2H6R
ISOMERASE,2YRF
ISOMERASE,1QXJ
ISOMERASE,1HZJ
ISOMERASE,4DBF
ISOMERASE,3PDK
ISOMERASE,5BNK
ISOMERASE,1DBF
ISOMERASE,1TM0
ISOMERASE,1K2Y
ISOMERASE,3DG3
ISOMERASE,3RYK
ISOMERASE,1F9C
ISOMERASE,1KIJ
ISOMERASE,3B8T
ISOMERASE,4LR7
ISOMERASE,1D6M
ISOMERASE,3LNT
ISOMERASE,5IJW
ISOMERASE,1M53
ISOMERASE,2OLW
ISOMERASE,5KGN
ISOMERASE,1SW3
ISOMERASE,4EJ0
ISOMERASE,5I3F
ISOMERASE,1IAT
ISOMERASE,3QMQ
ISOMERASE,3BEO
ISOMERASE,3BS8
ISOMERASE,1I8T
ISOMERASE,1DQR
ISOMERASE,2H8L
ISOMERASE,1KT1
ISOMERASE,1SUX
ISOMERASE,3CO8
ISOMERASE,1JKF
ISOMERASE,2DWU
ISOMERASE,5JN5
ISOMERASE,1TZB
ISOMERASE,5BP8
ISOMERASE,1TK9
ISOMERASE,5IDR
ISOMERASE,2PWG
ISOMERASE,2GLK
ISOMERASE,3HFK
ISOMERASE,3G7K
ISOMERASE,1ZUW
ISOMERASE,2OEK
ISOMERASE,4NWY
ISOMERASE,4PGL
ISOMERASE,3OS6
ISOMERASE,3FQA
ISOMERASE,3OWS
ISOMERASE,4MRQ
ISOMERASE,5HHF
ISOMERASE,1Z59
ISOMERASE,4MSP
ISOMERASE,1N8T
ISOMERASE,3K7P
ISOMERASE,2GAI
ISOMERASE,5KGL
ISOMERASE,4OS8
ISOMERASE,2OEJ
ISOMERASE,2B9W
ISOMERASE,3LOG
ISOMERASE,3MB2
ISOMERASE,4LQW
ISOMERASE,3M21
ISOMERASE,1SPQ
ISOMERASE,3TRJ
ISOMERASE,1NSM
ISOMERASE,4JEQ
ISOMERASE,5K87
ISOMERASE,1U0E
ISOMERASE,4NK6
ISOMERASE,4DOK
ISOMERASE,5L9F
ISOMERASE,4U8L
ISOMERASE,3OWU
ISOMERASE,3NBU
ISOMERASE,4POC
ISOMERASE,4POD
ISOMERASE,3RSI
ISOMERASE,1JFL
ISOMERASE,1YY3
ISOMERASE,3HDS
ISOMERASE,4U8I
ISOMERASE,1M1B
ISOMERASE,1SW7
ISOMERASE,3PSW
ISOMERASE,4R3U
ISOMERASE,3IGY
ISOMERASE,4LRE
ISOMERASE,2B2K
ISOMERASE,3IXQ
ISOMERASE,4Y90
ISOMERASE,1JLH
ISOMERASE,4DOO
ISOMERASE,2OU4
ISOMERASE,3P12
ISOMERASE,1ZVU
ISOMERASE,4TW8
ISOMERASE,1ZXM
ISOMERASE,3WKF
ISOMERASE,3TRR
ISOMERASE,1V5X
ISOMERASE,5BMX
ISOMERASE,1RE5
ISOMERASE,1ZJA
ISOMERASE,3ED3
ISOMERASE,3RRV
ISOMERASE,1S14
ISOMERASE,4U1A
ISOMERASE,3NUH
ISOMERASE,5JY9
ISOMERASE,1V57
ISOMERASE,2HOY
ISOMERASE,2PWF
ISOMERASE,3FQ8
ISOMERASE,3WGD
ISOMERASE,4IJZ
ISOMERASE,4KP1
ISOMERASE,3UXI
ISOMERASE,4X19
ISOMERASE,3TH6
ISOMERASE,1VFH
ISOMERASE,4JU5
ISOMERASE,3B8W
ISOMERASE,4ZDF
ISOMERASE,3B6H
ISOMERASE,1WTC
ISOMERASE,4ZU4
ISOMERASE,3U4F
ISOMERASE,4GFJ
ISOMERASE,4P8O
ISOMERASE,3UHP
ISOMERASE,4LIX
ISOMERASE,3UN2
ISOMERASE,3NVL
ISOMERASE,4NEQ
ISOMERASE,4HHL
ISOMERASE,3VW5
ISOMERASE,1T10
ISOMERASE,2H4L
ISOMERASE,3WMD
ISOMERASE,4HDT
ISOMERASE,4GI6
ISOMERASE,3QVK
ISOMERASE,2B5E
ISOMERASE,5AVH
ISOMERASE,3D8H
ISOMERASE,3PSV
ISOMERASE,4DDQ
ISOMERASE,2FKF
ISOMERASE,3RIT
ISOMERASE,1XFC
ISOMERASE,2OQY
ISOMERASE,3HPF
ISOMERASE,3CT7
ISOMERASE,1TKS
ISOMERASE,1U1I
ISOMERASE,4ML1
ISOMERASE,3B98
ISOMERASE,4WMJ
ISOMERASE,4H2C
ISOMERASE,3UWU
ISOMERASE,1VS3
ISOMERASE,5TPU
ISOMERASE,3M6K
ISOMERASE,5I3G
ISOMERASE,4YMZ
ISOMERASE,1SUU
ISOMERASE,4NZ6
ISOMERASE,4ORW
ISOMERASE,1X84
ISOMERASE,4M0X
ISOMERASE,1K0W
ISOMERASE,2GBB
ISOMERASE,1MX0
ISOMERASE,3M1P
ISOMERASE,1PVG
ISOMERASE,3ENQ
ISOMERASE,2HTA
ISOMERASE,4PRV
ISOMERASE,2EUA
ISOMERASE,1EPV
ISOMERASE,1JDI
ISOMERASE,1I9C
ISOMERASE,2GC0
ISOMERASE,1Z9H
ISOMERASE,4U8K
ISOMERASE,4HHP
ISOMERASE,3B8U
ISOMERASE,5LFD
ISOMERASE,1RCQ
ISOMERASE,1KV5
ISOMERASE,3EE2
ISOMERASE,4OBT
ISOMERASE,3VNI
ISOMERASE,5BS9
ISOMERASE,2GZM
ISOMERASE,4XC6
ISOMERASE,1JPM
ISOMERASE,5CSR
ISOMERASE,4RPG
ISOMERASE,2RJG
ISOMERASE,4H6C
ISOMERASE,3M0Y
ISOMERASE,3WT1
ISOMERASE,4HNC
ISOMERASE,3HDY
ISOMERASE,4YSN
ISOMERASE,1D8W
ISOMERASE,3HK5
ISOMERASE,5HM5
ISOMERASE,1SB8
ISOMERASE,3BIC
ISOMERASE,5BMW
ISOMERASE,2ZUK
ISOMERASE,4ZVJ
ISOMERASE,2GDG
ISOMERASE,1S16
ISOMERASE,3NO0
ISOMERASE,2ZVR
ISOMERASE,1M6J
ISOMERASE,4IOT
ISOMERASE,1KFI
ISOMERASE,1IV8
ISOMERASE,4LRA
ISOMERASE,3JW7
ISOMERASE,3T8U
ISOMERASE,2PV2
ISOMERASE,1X92
ISOMERASE,1I9A
ISOMERASE,5BR7
ISOMERASE,3CQH
ISOMERASE,3ICI
ISOMERASE,4FQ7
ISOMERASE,3MJZ
ISOMERASE,4LRC
ISOMERASE,2F8M
ISOMERASE,4H69
ISOMERASE,5B19
ISOMERASE,1XRU
ISOMERASE,1MO0
ISOMERASE,1X94
ISOMERASE,1WP5
ISOMERASE,5LHF
ISOMERASE,1EEJ
ISOMERASE,3T8N
ISOMERASE,3UVA
ISOMERASE,1MW9
ISOMERASE,3OWY
ISOMERASE,1EYP
ISOMERASE,2DKA
ISOMERASE,1JPD
ISOMERASE,4G1K
ISOMERASE,2I22
ISOMERASE,4WO7
ISOMERASE,3A11
ISOMERASE,4K6A
ISOMERASE,3LU1
ISOMERASE,5CLO
ISOMERASE,5BSC
ISOMERASE,3UKA
ISOMERASE,3DXW
ISOMERASE,2RJR
ISOMERASE,2ZRU
ISOMERASE,3O5D
ISOMERASE,5I01
ISOMERASE,3GF4
ISOMERASE,5TPV
ISOMERASE,4U5R
ISOMERASE,4TRU
ISOMERASE,5YBW
ISOMERASE,3P5M
ISOMERASE,3VM6
ISOMERASE,3JYM
ISOMERASE,4PKZ
ISOMERASE,2PWE
ISOMERASE,2F6L
ISOMERASE,1JX1
ISOMERASE,3A9R
ISOMERASE,4I5Q
ISOMERASE,2IAG
ISOMERASE,4Y2W
ISOMERASE,3Q37
ISOMERASE,3HWO
ISOMERASE,1SSD
ISOMERASE,1L7J
ISOMERASE,4GXZ
ISOMERASE,1CY9
ISOMERASE,5EZ1
ISOMERASE,3WW1
ISOMERASE,1KT0
ISOMERASE,4LRD
ISOMERASE,1ORR
ISOMERASE,2RGK
ISOMERASE,1JC4
ISOMERASE,4NK8
ISOMERASE,3IJI
VIRAL PROTEIN,5GNB
VIRAL PROTEIN,5I5N
VIRAL PROTEIN,1FOU
VIRAL PROTEIN,3PA1
VIRAL PROTEIN,2FQM
VIRAL PROTEIN,4LDI
VIRAL PROTEIN,6F8P
VIRAL PROTEIN,5THB
VIRAL PROTEIN,2ZL6
VIRAL PROTEIN,3FAV
VIRAL PROTEIN,1I9W
VIRAL PROTEIN,5XL5
VIRAL PROTEIN,2F5U
VIRAL PROTEIN,5HFL
VIRAL PROTEIN,5T1D
VIRAL PROTEIN,3FVC
VIRAL PROTEIN,1EX4
VIRAL PROTEIN,3KML
VIRAL PROTEIN,4X0Y
VIRAL PROTEIN,3DGS
VIRAL PROTEIN,4M40
VIRAL PROTEIN,5W1N
VIRAL PROTEIN,4KPQ
VIRAL PROTEIN,4K3X
VIRAL PROTEIN,5Y6J
VIRAL PROTEIN,4K7H
VIRAL PROTEIN,4HJ1
VIRAL PROTEIN,5MDM
VIRAL PROTEIN,5GMZ
VIRAL PROTEIN,5WMF
VIRAL PROTEIN,6EGT
VIRAL PROTEIN,1WNC
VIRAL PROTEIN,4WZN
VIRAL PROTEIN,4OR8
VIRAL PROTEIN,1N7Z
VIRAL PROTEIN,2ED6
VIRAL PROTEIN,4O6D
VIRAL PROTEIN,2ACF
VIRAL PROTEIN,1HQN
VIRAL PROTEIN,2G9T
VIRAL PROTEIN,2OJ5
VIRAL PROTEIN,2OY0
VIRAL PROTEIN,4JTX
VIRAL PROTEIN,3DUZ
VIRAL PROTEIN,6F6S
VIRAL PROTEIN,4K3Y
VIRAL PROTEIN,2BBZ
VIRAL PROTEIN,4FIU
VIRAL PROTEIN,4V96
VIRAL PROTEIN,2FK0
VIRAL PROTEIN,6ESC
VIRAL PROTEIN,2H85
VIRAL PROTEIN,5F4O
VIRAL PROTEIN,5XLB
VIRAL PROTEIN,4DVL
VIRAL PROTEIN,3TXQ
VIRAL PROTEIN,3BT6
VIRAL PROTEIN,3ON9
VIRAL PROTEIN,5VJK
VIRAL PROTEIN,4RDJ
VIRAL PROTEIN,4OPO
VIRAL PROTEIN,4GDI
VIRAL PROTEIN,4MMV
VIRAL PROTEIN,4KPS
VIRAL PROTEIN,2B4H
VIRAL PROTEIN,4ZWT
VIRAL PROTEIN,3GVM
VIRAL PROTEIN,2GTH
VIRAL PROTEIN,1YUY
VIRAL PROTEIN,4WEF
VIRAL PROTEIN,2H6O
VIRAL PROTEIN,4H32
VIRAL PROTEIN,3NWA
VIRAL PROTEIN,1NO7
VIRAL PROTEIN,2FAV
VIRAL PROTEIN,2GOL
VIRAL PROTEIN,1C8O
VIRAL PROTEIN,1IJG
VIRAL PROTEIN,4HAR
VIRAL PROTEIN,1M55
VIRAL PROTEIN,4HUD
VIRAL PROTEIN,5EJB
VIRAL PROTEIN,4F3Z
VIRAL PROTEIN,6AOS
VIRAL PROTEIN,3KU3
VIRAL PROTEIN,5EU7
VIRAL PROTEIN,1L9V
VIRAL PROTEIN,3OUO
VIRAL PROTEIN,4N60
VIRAL PROTEIN,1JSM
VIRAL PROTEIN,4NZG
VIRAL PROTEIN,1RD8
VIRAL PROTEIN,5O02
VIRAL PROTEIN,1RVX
VIRAL PROTEIN,2I39
VIRAL PROTEIN,3LYF
VIRAL PROTEIN,3TS3
VIRAL PROTEIN,4WST
VIRAL PROTEIN,4RFU
VIRAL PROTEIN,4ZWQ
VIRAL PROTEIN,4POQ
VIRAL PROTEIN,5E0I
VIRAL PROTEIN,4LIY
VIRAL PROTEIN,5F4M
VIRAL PROTEIN,3JVO
VIRAL PROTEIN,4EDA
VIRAL PROTEIN,2AEN
VIRAL PROTEIN,4X1W
VIRAL PROTEIN,4LQK
VIRAL PROTEIN,3MLH
VIRAL PROTEIN,4RGA
VIRAL PROTEIN,4G1G
VIRAL PROTEIN,3TXS
VIRAL PROTEIN,3R6J
VIRAL PROTEIN,4OR4
VIRAL PROTEIN,4N5Z
VIRAL PROTEIN,4EGT
VIRAL PROTEIN,3JWO
VIRAL PROTEIN,5JQ3
VIRAL PROTEIN,3NW8
VIRAL PROTEIN,4WDZ
VIRAL PROTEIN,5C6B
VIRAL PROTEIN,3SUC
VIRAL PROTEIN,5E4V
VIRAL PROTEIN,4JU0
VIRAL PROTEIN,5JS4
VIRAL PROTEIN,4WE6
VIRAL PROTEIN,2GU0
VIRAL PROTEIN,5TFR
VIRAL PROTEIN,3RWN
VIRAL PROTEIN,5BU5
VIRAL PROTEIN,1LCS
VIRAL PROTEIN,4WE5
VIRAL PROTEIN,1YPY
VIRAL PROTEIN,4WSW
VIRAL PROTEIN,5BR0
VIRAL PROTEIN,5INE
VIRAL PROTEIN,4HBO
VIRAL PROTEIN,1MUK
VIRAL PROTEIN,5JIL
VIRAL PROTEIN,1RUY
VIRAL PROTEIN,4N21
VIRAL PROTEIN,4IPY
VIRAL PROTEIN,3MJ5
VIRAL PROTEIN,4KOL
VIRAL PROTEIN,3C5X
VIRAL PROTEIN,5K6B
VIRAL PROTEIN,1N93
VIRAL PROTEIN,2R5H
VIRAL PROTEIN,4FMG
VIRAL PROTEIN,4FG0
VIRAL PROTEIN,4REZ
VIRAL PROTEIN,1YU0
VIRAL PROTEIN,4ZDG
VIRAL PROTEIN,1MQL
VIRAL PROTEIN,1L2G
VIRAL PROTEIN,4J4X
VIRAL PROTEIN,1ZV8
VIRAL PROTEIN,5W1O
VIRAL PROTEIN,5N7M
VIRAL PROTEIN,2I8B
VIRAL PROTEIN,4P12
VIRAL PROTEIN,4WDY
VIRAL PROTEIN,1M93
VIRAL PROTEIN,4HEM
VIRAL PROTEIN,4JMQ
VIRAL PROTEIN,4X7F
VIRAL PROTEIN,1FN9
VIRAL PROTEIN,2ZL5
VIRAL PROTEIN,1RVT
VIRAL PROTEIN,5VTY
VIRAL PROTEIN,4KDM
VIRAL PROTEIN,1KKE
VIRAL PROTEIN,5TIP
VIRAL PROTEIN,5XL8
VIRAL PROTEIN,1EXQ
VIRAL PROTEIN,5NXH
VIRAL PROTEIN,5TGO
VIRAL PROTEIN,1YU3
VIRAL PROTEIN,2POH
VIRAL PROTEIN,4OOX
VIRAL PROTEIN,4JPN
VIRAL PROTEIN,1N7V
VIRAL PROTEIN,4WE7
VIRAL PROTEIN,3PHF
VIRAL PROTEIN,1N1L
VIRAL PROTEIN,1G2C
VIRAL PROTEIN,3ONU
VIRAL PROTEIN,5THF
VIRAL PROTEIN,2P8M
VIRAL PROTEIN,1QRB
VIRAL PROTEIN,3KNQ
VIRAL PROTEIN,5VI7
VIRAL PROTEIN,3AJF
VIRAL PROTEIN,2RFT
VIRAL PROTEIN,4JGS
VIRAL PROTEIN,3NVX
VIRAL PROTEIN,3TIH
VIRAL PROTEIN,3SHS
VIRAL PROTEIN,3GPG
VIRAL PROTEIN,3RRR
VIRAL PROTEIN,5K6C
VIRAL PROTEIN,5B1Q
VIRAL PROTEIN,5EVM
VIRAL PROTEIN,5VTR
VIRAL PROTEIN,4PCH
VIRAL PROTEIN,6AOQ
VIRAL PROTEIN,3FZ2
VIRAL PROTEIN,4Y2C
VIRAL PROTEIN,2A4G
VIRAL PROTEIN,5V7B
VIRAL PROTEIN,3M5G
VIRAL PROTEIN,3PUM
VIRAL PROTEIN,5Y5P
VIRAL PROTEIN,4ZKP
VIRAL PROTEIN,4GIZ
VIRAL PROTEIN,3RKI
VIRAL PROTEIN,2GIY
VIRAL PROTEIN,2P8P
VIRAL PROTEIN,5L1X
VIRAL PROTEIN,3GQ7
VIRAL PROTEIN,2I2S
VIRAL PROTEIN,3IG9
VIRAL PROTEIN,4GZS
VIRAL PROTEIN,5D5N
VIRAL PROTEIN,5WCO
VIRAL PROTEIN,2GON
VIRAL PROTEIN,2OXT
VIRAL PROTEIN,3LKZ
VIRAL PROTEIN,3L88
VIRAL PROTEIN,3S7V
VIRAL PROTEIN,4I78
VIRAL PROTEIN,2F0C
VIRAL PROTEIN,4N5Y
VIRAL PROTEIN,4GQ9
VIRAL PROTEIN,5VKI
VIRAL PROTEIN,3ASP
VIRAL PROTEIN,5VYL
VIRAL PROTEIN,4MC7
VIRAL PROTEIN,4J4Y
VIRAL PROTEIN,4WYJ
VIRAL PROTEIN,5E6T
VIRAL PROTEIN,5VAO
VIRAL PROTEIN,4LN6
VIRAL PROTEIN,5HU8
VIRAL PROTEIN,5WKN
VIRAL PROTEIN,5BQK
VIRAL PROTEIN,4OPA
VIRAL PROTEIN,5NJU
VIRAL PROTEIN,1QQ1
VIRAL PROTEIN,3S11
VIRAL PROTEIN,3FOA
VIRAL PROTEIN,4XQO
VIRAL PROTEIN,4IRY
VIRAL PROTEIN,4L3N
VIRAL PROTEIN,4LCX
VIRAL PROTEIN,1YU2
VIRAL PROTEIN,2PR4
VIRAL PROTEIN,4JPP
VIRAL PROTEIN,4JCE
VIRAL PROTEIN,4X7D
VIRAL PROTEIN,3HHW
VIRAL PROTEIN,5B7B
VIRAL PROTEIN,1QRC
VIRAL PROTEIN,4YFW
VIRAL PROTEIN,3S6X
VIRAL PROTEIN,5JJ1
VIRAL PROTEIN,3GQH
VIRAL PROTEIN,5D28
VIRAL PROTEIN,3GV2
VIRAL PROTEIN,5NXF
VIRAL PROTEIN,4LDB
VIRAL PROTEIN,3BQJ
VIRAL PROTEIN,4YN1
VIRAL PROTEIN,2INY
VIRAL PROTEIN,3G7T
VIRAL PROTEIN,4GSX
VIRAL PROTEIN,4K6B
VIRAL PROTEIN,2IQH
VIRAL PROTEIN,4WHT
VIRAL PROTEIN,3BQ4
VIRAL PROTEIN,3P54
VIRAL PROTEIN,3SEJ
VIRAL PROTEIN,4H5L
VIRAL PROTEIN,4N5B
VIRAL PROTEIN,4MC5
VIRAL PROTEIN,5E32
VIRAL PROTEIN,4MHI
VIRAL PROTEIN,5E2Y
VIRAL PROTEIN,5EA8
VIRAL PROTEIN,3BY1
VIRAL PROTEIN,5LKC
VIRAL PROTEIN,4EJR
VIRAL PROTEIN,5HFM
VIRAL PROTEIN,4DW7
VIRAL PROTEIN,3D6R
VIRAL PROTEIN,5I2S
VIRAL PROTEIN,5BU8
VIRAL PROTEIN,4PH0
VIRAL PROTEIN,4ZWS
VIRAL PROTEIN,4LKI
VIRAL PROTEIN,4WYM
VIRAL PROTEIN,4MMQ
VIRAL PROTEIN,4KW3
VIRAL PROTEIN,4Y3C
VIRAL PROTEIN,4U5Z
VIRAL PROTEIN,2QIQ
VIRAL PROTEIN,3NXD
VIRAL PROTEIN,4N5K
VIRAL PROTEIN,4U2X
VIRAL PROTEIN,5BNY
VIRAL PROTEIN,5XEA
VIRAL PROTEIN,4X1X
VIRAL PROTEIN,4GBF
VIRAL PROTEIN,5NPI
VIRAL PROTEIN,4NRJ
VIRAL PROTEIN,3LJ5
VIRAL PROTEIN,3F0Y
VIRAL PROTEIN,3S12
VIRAL PROTEIN,4IJE
VIRAL PROTEIN,4G2K
VIRAL PROTEIN,2ZB5
VIRAL PROTEIN,3AST
VIRAL PROTEIN,5OMM
VIRAL PROTEIN,4F23
VIRAL PROTEIN,5EC8
VIRAL PROTEIN,5EWN
VIRAL PROTEIN,3CNC
VIRAL PROTEIN,4K70
VIRAL PROTEIN,5JIF
VIRAL PROTEIN,2P8L
VIRAL PROTEIN,4YXP
VIRAL PROTEIN,4P9A
VIRAL PROTEIN,3EE7
VIRAL PROTEIN,5CXF
VIRAL PROTEIN,1RV0
VIRAL PROTEIN,5TH0
VIRAL PROTEIN,1ZTM
VIRAL PROTEIN,4K65
VIRAL PROTEIN,2GTI
VIRAL PROTEIN,4GXX
VIRAL PROTEIN,3PMK
VIRAL PROTEIN,5GJ6
VIRAL PROTEIN,3KU5
VIRAL PROTEIN,1JMA
VIRAL PROTEIN,1P30
VIRAL PROTEIN,1N7U
VIRAL PROTEIN,3MAW
VIRAL PROTEIN,3FZB
VIRAL PROTEIN,5E6F
VIRAL PROTEIN,4WA3
VIRAL PROTEIN,4EDB
VIRAL PROTEIN,2IEQ
VIRAL PROTEIN,1TD0
VIRAL PROTEIN,4GT0
VIRAL PROTEIN,4Z9P
VIRAL PROTEIN,4RWR
VIRAL PROTEIN,4ZXQ
VIRAL PROTEIN,3NWF
VIRAL PROTEIN,1RU7
VIRAL PROTEIN,5KOU
VIRAL PROTEIN,5C69
VIRAL PROTEIN,3TGR
VIRAL PROTEIN,4K62
VIRAL PROTEIN,4WE0
VIRAL PROTEIN,4HUH
VIRAL PROTEIN,5FGC
VIRAL PROTEIN,1FL1
VIRAL PROTEIN,4IDH
VIRAL PROTEIN,5NPJ
VIRAL PROTEIN,2OBR
VIRAL PROTEIN,4FFE
VIRAL PROTEIN,5J81
VIRAL PROTEIN,3UYX
VIRAL PROTEIN,5IDK
VIRAL PROTEIN,3MIW
VIRAL PROTEIN,2O5N
VIRAL PROTEIN,4KQZ
VIRAL PROTEIN,4DJ6
VIRAL PROTEIN,1YU4
VIRAL PROTEIN,1SFK
VIRAL PROTEIN,1NO4
VIRAL PROTEIN,4JCD
VIRAL PROTEIN,4O6B
VIRAL PROTEIN,3S7X
VIRAL PROTEIN,5NOP
VIRAL PROTEIN,1N25
VIRAL PROTEIN,5CPU
VIRAL PROTEIN,4FNK
VIRAL PROTEIN,4IOX
VIRAL PROTEIN,4XKD
VIRAL PROTEIN,4KDQ
VIRAL PROTEIN,3L56
VIRAL PROTEIN,4ZJF
VIRAL PROTEIN,5J2Z
VIRAL PROTEIN,3FD4
VIRAL PROTEIN,1YUE
VIRAL PROTEIN,3EYJ
VIRAL PROTEIN,3D26
VIRAL PROTEIN,5W5S
VIRAL PROTEIN,1G5G
VIRAL PROTEIN,4O5N
VIRAL PROTEIN,5V6G
VIRAL PROTEIN,1ZRU
VIRAL PROTEIN,4LIN
VIRAL PROTEIN,1JSD
VIRAL PROTEIN,3KMT
VIRAL PROTEIN,1RER
VIRAL PROTEIN,4XQ5
VIRAL PROTEIN,5TG8
VIRAL PROTEIN,5EG9
VIRAL PROTEIN,4DOX
VIRAL PROTEIN,5CZ3
VIRAL PROTEIN,4JUG
VIRAL PROTEIN,5K6K
VIRAL PROTEIN,5JQ7
VIRAL PROTEIN,4P25
VIRAL PROTEIN,4GIP
VIRAL PROTEIN,3TH0
VIRAL PROTEIN,3UYW
VIRAL PROTEIN,4KWM
VIRAL PROTEIN,5T3W
VIRAL PROTEIN,4HJC
VIRAL PROTEIN,6AOP
VIRAL PROTEIN,5T96
VIRAL PROTEIN,4LN3
VIRAL PROTEIN,4RLZ
VIRAL PROTEIN,4JCF
VIRAL PROTEIN,3SAM
VIRAL PROTEIN,3KXS
VIRAL PROTEIN,1RUZ
VIRAL PROTEIN,4DVK
VIRAL PROTEIN,5BQZ
VIRAL PROTEIN,3QQB
VIRAL PROTEIN,4MBX
VIRAL PROTEIN,4IOS
VIRAL PROTEIN,2OZK
VIRAL PROTEIN,1TG8
VIRAL PROTEIN,4ZCJ
VIRAL PROTEIN,1EM9
VIRAL PROTEIN,5MZ4
VIRAL PROTEIN,5XL1
VIRAL PROTEIN,1SVL
VIRAL PROTEIN,5E7F
VIRAL PROTEIN,2GHV
VIRAL PROTEIN,3TGQ
VIRAL PROTEIN,1P2Z
VIRAL PROTEIN,5FB4
VIRAL PROTEIN,4J2R
VIRAL PROTEIN,5F4J
VIRAL PROTEIN,5VTV
VIRAL PROTEIN,4WSG
VIRAL PROTEIN,2HG0
VIRAL PROTEIN,4PCG
VIRAL PROTEIN,5VYH
VIRAL PROTEIN,1TD3
VIRAL PROTEIN,4QY0
VIRAL PROTEIN,4J4S
VIRAL PROTEIN,4GU3
VIRAL PROTEIN,1JMU
VIRAL PROTEIN,4MMR
VIRAL PROTEIN,2H1L
VIRAL PROTEIN,4Z5V
VIRAL PROTEIN,4JPJ
VIRAL PROTEIN,3LQE
VIRAL PROTEIN,4O6C
VIRAL PROTEIN,6AS4
VIRAL PROTEIN,3EXW
VIRAL PROTEIN,4M0Q
VIRAL PROTEIN,5X4R
VIRAL PROTEIN,4N5J
VIRAL PROTEIN,4GZO
VIRAL PROTEIN,1TI8
VIRAL PROTEIN,4WE8
VIRAL PROTEIN,1TCZ
VIRAL PROTEIN,5T3T
VIRAL PROTEIN,3NTE
VIRAL PROTEIN,5J6R
VIRAL PROTEIN,3PY7
VIRAL PROTEIN,6F5U
VIRAL PROTEIN,5N11
VIRAL PROTEIN,3PTO
VIRAL PROTEIN,5OPG
VIRAL PROTEIN,3M6S
VIRAL PROTEIN,1YU1
VIRAL PROTEIN,5OOO
VIRAL PROTEIN,1SLQ
VIRAL PROTEIN,4QUZ
VIRAL PROTEIN,4GEZ
VIRAL PROTEIN,4HSI
VIRAL PROTEIN,1LVM
VIRAL PROTEIN,4MJ0
VIRAL PROTEIN,5LJY
VIRAL PROTEIN,3KU6
VIRAL PROTEIN,4JTV
VIRAL PROTEIN,5IPX
VIRAL PROTEIN,3QQI
VIRAL PROTEIN,4YN2
VIRAL PROTEIN,4KTH
VIRAL PROTEIN,5E2X
